Year,Month,Date,Temp_Max,Temp_Avg,Temp_Min,Dew_Max,Dew_Avg,Dew_Min,Humid_Max,Humid_Avg,Humid_Min,Wind_Max,Wind_Avg,Wind_Min,Pressure_Max,Pressure_Avg,Pressure_Min,Precipitation_Total
2019,Jan,1,75,61.1,48,45,40.9,34,76,50.5,22,6,2.5,0,28.8,28.7,28.6,0,
2019,Jan,2,77,63.6,52,45,40.6,32,76,47,19,8,2.6,0,28.8,28.8,28.7,0,
2019,Jan,3,75,62.5,50,48,36.9,23,82,44.4,14,7,2.6,0,28.9,28.8,28.8,0,
2019,Jan,4,70,61,50,45,41.1,34,67,49.4,32,8,4,0,28.8,28.7,28.4,0,
2019,Jan,5,61,56.6,54,46,42.4,41,67,58.8,52,8,7.5,7,28.8,28.7,28.7,0,
2019,Jan,6,68,60.5,54,54,48.1,45,82,64.8,46,9,5,2,28.8,28.7,28.6,0,
2019,Jan,7,70,59.3,50,48,43.4,36,87,59.2,28,9,1.9,0,28.8,28.8,28.7,0,
2019,Jan,8,61,50.7,48,46,45.1,45,87,81,55,0,0,0,28.8,28.7,28.7,0,
2019,Jan,9,70,58.6,48,45,38.9,34,82,51.4,27,6,1.1,0,28.8,28.7,28.7,0,
2019,Jan,10,73,61,48,41,34.6,25,76,40.9,17,6,2.4,0,28.8,28.7,28.6,0,
2019,Jan,11,72,61.8,52,43,39.6,37,71,46.2,29,8,4.3,2,28.8,28.7,28.7,0,
2019,Jan,12,72,60.5,52,45,42.4,39,76,53.4,31,9,4.1,0,28.8,28.7,28.6,0,
2019,Jan,13,72,62.8,54,48,43.9,39,67,51.4,33,6,2.2,0,28.8,28.7,28.7,0,
2019,Jan,14,84,60,48,43,29.4,23,59,33.4,11,12,4.7,0,28.8,28.8,28.7,0,
2019,Jan,15,73,59.4,46,30,24.9,23,44,28.6,15,7,2.4,0,28.8,28.7,28.7,0,
2019,Jan,16,73,60.7,46,41,32.8,23,62,38.5,16,9,4.7,0,28.8,28.7,28.6,0,
2019,Jan,17,77,62.2,50,43,38.9,34,71,45.7,21,7,2.6,0,28.7,28.7,28.6,0,
2019,Jan,18,77,61.8,50,45,39.5,32,76,47.1,21,7,2.6,0,28.8,28.7,28.6,0,
2019,Jan,19,79,65.3,50,48,41.5,32,76,46.5,18,7,2.6,0,28.8,28.7,28.6,0,
2019,Jan,20,81,68,55,46,44.3,39,72,44.9,23,7,4.1,0,28.8,28.6,28.5,0,
2019,Jan,21,75,65.8,57,57,49.1,45,94,57.5,36,12,5.6,0,28.6,28.5,28.4,0,
2019,Jan,22,68,59.3,0,50,46,0,82,61,0,9,3.3,0,28.6,28.6,28.5,0,
2019,Jan,23,70,61.7,54,55,48.7,43,88,64.7,38,8,4.7,0,28.7,28.7,28.6,0,
2019,Jan,24,66,57.5,52,54,49.1,45,94,74.5,64,14,7.4,2,28.8,28.7,28.7,0,
2019,Jan,25,64,56.6,48,46,44.1,41,93,64.1,45,8,3.6,0,28.8,28.8,28.7,0,
2019,Jan,26,66,55.6,46,41,34.1,23,81,48.4,21,8,4,0,28.9,28.8,28.6,0,
2019,Jan,27,66,54.9,46,41,36.1,30,76,52.3,28,9,3.5,0,28.9,28.8,28.8,0,
2019,Jan,28,66,55.3,45,41,32.9,23,81,46.5,19,9,3.2,0,28.9,28.8,28.8,0,
2019,Jan,29,70,57.1,46,37,30.8,23,66,40.2,17,7,3.3,0,28.9,28.8,28.7,0,
2019,Jan,30,72,60.4,46,39,32.7,23,62,38.2,17,7,4.1,0,28.8,28.7,28.6,0,
2019,Jan,31,70,63.8,54,46,39.9,37,59,43.1,31,10,7.3,3,28.7,28.6,28.6,0,
2019,Feb,1,70,60.2,50,48,44.8,36,77,58.1,33,12,6.2,0,28.8,28.7,28.7,0,
2019,Feb,2,68,57.8,48,45,41.7,37,87,57.7,33,9,3.6,0,28.8,28.7,28.7,0,
2019,Feb,3,72,59.4,48,46,41.9,36,87,56.2,27,7,3.4,0,28.8,28.8,28.7,0,
2019,Feb,4,73,63.3,50,48,44.1,39,76,51.6,31,8,4.9,0,28.8,28.7,28.7,0,
2019,Feb,5,77,66.5,57,57,53.2,48,82,63.9,47,10,5.2,2,28.8,28.6,28.5,0,
2019,Feb,6,81,68.6,57,59,50.5,36,94,59.2,21,7,3.7,0,28.6,28.5,28.4,0,
2019,Feb,7,73,60.7,0,61,35.1,0,100,42.2,0,14,6.8,0,28.6,28.5,28.4,0,
2019,Feb,8,66,59.1,50,36,29.7,23,54,34.5,19,9,4.3,0,28.7,28.7,28.6,0,
2019,Feb,9,70,58.3,50,39,32.8,27,62,41.2,21,9,2.9,0,28.8,28.8,28.7,0,
2019,Feb,10,70,59.9,48,37,34.5,30,62,41,23,6,3.3,0,28.8,28.8,28.7,0,
2019,Feb,11,72,63.5,52,45,39.7,36,63,43.5,27,8,5,2,28.8,28.8,28.7,0,
2019,Feb,12,75,65.2,54,46,44,39,72,48.3,27,7,5,0,28.8,28.8,28.7,0,
2019,Feb,13,77,68.4,57,54,49.5,36,72,52.6,34,14,7.2,2,28.8,28.7,28.6,0,
2019,Feb,14,84,70.4,63,61,55.4,43,88,62.7,26,12,6,0,28.6,28.6,28.5,0,
2019,Feb,15,75,66,57,54,40.9,27,77,43.7,18,12,6.3,0,28.7,28.6,28.6,0,
2019,Feb,16,70,62.4,54,46,42,37,77,49.4,33,9,4.3,0,28.8,28.7,28.6,0,
2019,Feb,17,75,65.5,54,48,37.4,27,77,39.1,18,10,3.6,0,28.7,28.6,28.5,0,
2019,Feb,18,84,74.6,57,45,37.6,30,55,27.6,16,17,8.2,2,28.6,28.4,28.4,0,
2019,Feb,19,81,72.4,63,57,49.8,43,68,46.6,30,13,5,0,28.6,28.6,28.5,0,
2019,Feb,20,79,69.8,64,61,58.6,54,83,69.1,42,13,7,0,28.7,28.7,28.6,0,
2019,Feb,21,88,74.9,61,59,56.3,43,94,56,22,13,6.8,2,28.7,28.6,28.6,0,
2019,Feb,22,77,68.4,59,59,44.8,32,83,45.7,23,12,7.5,5,28.7,28.7,28.6,0,
2019,Feb,23,75,66.3,57,43,36,25,52,34.6,15,9,4.2,0,28.7,28.6,28.5,0,
2019,Feb,24,79,67.9,59,46,39.9,28,63,39.7,16,8,4.1,0,28.6,28.5,28.5,0,
2019,Feb,25,81,68.5,57,48,37.5,25,67,37,14,10,5,0,28.6,28.5,28.4,0,
2019,Feb,26,72,62.9,55,52,46.7,39,88,57.7,31,12,5.2,0,28.6,27.9,0,0,
2019,Feb,27,72,61.7,54,52,43,34,88,54.5,25,13,5.1,0,28.6,28.5,28.4,0,
2019,Feb,28,73,65.3,50,46,35,25,76,36.1,16,7,2.6,0,28.7,28.6,28.6,0,
2019,Mar,1,75,66.3,52,43,38,32,58,37,22,9,5.6,2,28.7,28.6,28.6,0,
2019,Mar,2,70,62.7,57,52,45.9,39,82,56.1,33,16,11.2,5,28.7,28.6,28.5,0,
2019,Mar,3,75,65.5,55,55,50.1,46,88,59.5,38,15,7.4,0,28.6,28.5,28.4,0,
2019,Mar,4,79,67.7,57,57,52.7,37,100,63,24,10,2.9,0,28.5,28.5,28.4,0,
2019,Mar,5,77,67.4,57,54,39.3,30,82,39.7,19,12,2.3,0,28.6,27.9,0,0,
2019,Mar,6,79,68.7,55,45,38.2,32,63,35.1,19,12,2.3,0,28.6,28.5,28.5,0,
2019,Mar,7,82,70.8,57,43,36.3,28,55,30.5,14,10,4.3,0,28.6,28.5,28.5,0,
2019,Mar,8,84,74,63,45,40.5,37,42,30.7,20,14,7.9,2,28.6,28.6,28.5,0,
2019,Mar,9,82,73.2,63,48,43.7,41,55,36.2,23,12,5.4,0,28.6,28.6,28.5,0,
2019,Mar,10,82,72.3,63,46,41.2,36,55,34.3,20,12,5.7,0,28.7,28.6,28.5,0,
2019,Mar,11,84,73.4,64,52,42,30,60,34.5,16,14,7.1,2,28.6,28.6,28.5,0,
2019,Mar,12,82,73.9,66,52,41.4,34,60,33,17,9,5.8,0,28.7,28.6,28.6,0,
2019,Mar,13,77,68.5,63,48,45.6,45,52,44.1,32,9,5.2,0,28.7,28.6,28.6,0,
2019,Mar,14,81,70,61,50,46.5,43,59,44,30,14,5.7,0,28.7,28.6,28.6,0,
2019,Mar,15,81,71.5,59,48,40.5,30,67,35.3,17,9,5.1,0,28.8,28.7,28.6,0,
2019,Mar,16,81,72.3,59,50,36.1,27,67,30,14,9,3.5,0,28.8,28.6,28.6,0,
2019,Mar,17,86,75,63,45,38.6,28,52,28.8,13,8,3,0,28.7,28.6,28.6,0,
2019,Mar,18,86,75.8,64,46,41.9,34,52,31.8,15,8,4.3,0,28.7,28.6,28.5,0,
2019,Mar,19,90,79.1,64,46,42.8,36,52,29.4,16,9,4.5,0,28.6,28.5,28.4,0,
2019,Mar,20,91,80.4,66,55,40,30,57,26.9,12,14,5.7,0,28.5,28.5,28.4,0,
2019,Mar,21,90,79.6,70,57,47.6,36,64,35.6,15,12,6.1,0,28.6,28.6,28.5,0,
2019,Mar,22,88,79.4,70,45,35.7,28,38,22.1,12,12,5.3,0,28.7,28.6,28.6,0,
2019,Mar,23,90,79.6,68,48,40,32,46,26.1,16,12,4.4,0,28.7,28.6,28.5,0,
2019,Mar,24,95,82.3,68,57,46.3,36,57,31.9,12,14,5.8,0,28.6,28.5,28.5,0,
2019,Mar,25,90,80.1,70,55,49.6,45,57,36.4,21,14,6.4,0,28.6,28.6,28.5,0,
2019,Mar,26,90,79.2,68,52,40.7,32,56,27.6,14,9,3.5,0,28.7,28.6,28.6,0,
2019,Mar,27,93,82.9,68,48,41.9,37,40,25,14,8,3.6,0,28.7,28.6,28.6,0,
2019,Mar,28,100,87,72,50,43,37,38,23.3,11,90,5.3,0,28.6,28.5,28.5,0,
2019,Mar,29,104,89.9,75,54,42.3,27,39,22.1,7,9,4.1,0,28.5,28.4,28.4,0,
2019,Mar,30,102,91.1,77,61,47.6,34,48,25.7,10,13,5.9,0,28.5,28.4,28.4,0,
2019,Mar,31,97,89.6,81,61,35.5,23,51,18.5,7,14,7.6,2,28.5,28.5,28.4,0,
2019,Apr,1,99,85.3,70,43,34,23,38,18,7,9,5,0,28.6,28.5,28.4,0,
2019,Apr,2,99,85.2,70,45,38,27,38,21,8,9,4.3,0,28.6,28.5,28.4,0,
2019,Apr,3,102,89.2,73,48,38.8,28,38,19,7,9,5.5,2,28.5,28.5,28.4,0,
2019,Apr,4,104,91.8,81,50,41.2,34,28,18.4,9,12,4.8,0,28.6,28.5,28.4,0,
2019,Apr,5,106,92.7,81,54,42.5,34,35,18.7,8,14,6.5,0,28.5,28.5,28.4,0,
2019,Apr,6,106,93,82,52,41.2,36,33,17.5,9,14,7.8,3,28.5,28.4,28.3,0,
2019,Apr,7,104,91.2,79,55,44.2,36,44,21.4,10,241,13.2,2,28.4,28.4,28.3,0,
2019,Apr,8,100,89.1,77,59,53.5,46,54,31.4,17,12,5.9,0,28.5,28.4,28.3,0,
2019,Apr,9,102,90.9,79,59,50.6,37,51,27.4,11,12,5.1,2,28.4,28.4,28.3,0,
2019,Apr,10,104,94,81,57,48.4,39,42,22.5,11,10,4.6,0,28.5,28.4,28.4,0,
2019,Apr,11,104,95.2,84,54,45.9,36,29,19.7,11,13,6.4,1,28.5,28.4,28.4,0,
2019,Apr,12,104,93,82,54,48.7,39,37,23,11,13,6.8,2,28.5,28.4,28.4,0,
2019,Apr,13,102,93.1,82,55,51.2,43,37,25.1,13,9,5.8,2,28.6,28.5,28.4,0,
2019,Apr,14,102,94.1,82,54,47.9,41,37,21.5,13,9,3.9,0,28.6,28.5,28.4,0,
2019,Apr,15,104,91.6,79,57,48.8,41,47,24.4,12,29,9.1,2,28.5,28.4,28.4,0,
2019,Apr,16,90,73.5,64,66,60.8,54,100,69,31,23,8.7,2,28.6,28.5,28.4,0,
2019,Apr,17,81,72.5,66,64,61.9,57,94,71.1,48,12,8.2,0,28.6,28.5,28.4,0,
2019,Apr,18,86,78.3,66,63,57,52,88,49.6,31,9,4,0,28.6,27.9,0,0,
2019,Apr,19,88,79.9,0,57,50.8,0,57,35.8,0,9,3.1,0,28.6,27.9,0,0,
2019,Apr,20,95,85.2,73,55,48.6,36,53,30,13,9,3,0,28.5,28.4,28.4,0,
2019,Apr,21,100,89.7,77,55,46.3,37,47,24.4,12,9,3.7,0,28.5,27.8,0,0,
2019,Apr,22,104,92.8,81,55,45.9,36,37,21.9,9,14,4.5,0,28.4,28.4,28.3,0,
2019,Apr,23,106,96.8,82,52,43.1,32,32,17,8,12,4.5,0,28.5,28.4,28.4,0,
2019,Apr,24,106,95.7,86,54,42.4,34,29,16.7,9,14,5.6,0,28.5,28.4,28.4,0,
2019,Apr,25,106,96.3,86,52,41.1,34,29,15.9,9,14,6,0,28.5,28.4,28.4,0,
2019,Apr,26,106,95.8,86,54,48.6,41,31,20.7,12,9,4.4,0,28.5,28.4,28.4,0,
2019,Apr,27,106,97.4,84,45,39.1,32,23,13.9,8,12,5,0,28.5,28.4,28.4,0,
2019,Apr,28,106,97.2,84,48,38.2,30,27,13.7,7,9,3.8,0,28.5,28.4,28.3,0,
2019,Apr,29,108,96.7,84,46,37.1,27,27,13.7,6,8,3.1,0,28.4,28.3,28.3,0,
2019,Apr,30,108,98.2,82,45,34.7,23,25,12,5,12,5.9,0,28.4,28.3,28.2,0,
2019,May,1,106,95.6,84,45,38.3,30,23,14.3,8,8,3.6,0,28.3,28.3,28.2,0,
2019,May,2,106,96.3,84,50,40.3,32,30,15.5,8,17,5,0,28.3,28.3,28.2,0,
2019,May,3,100,88,79,59,52.7,46,51,31.2,16,15,4.8,0,28.4,28.4,28.3,0,
2019,May,4,100,90.8,81,54,45.8,36,39,22.7,12,13,4.4,0,28.5,28.4,28.4,0,
2019,May,5,104,92.4,81,50,34.1,23,34,14.8,6,12,2.8,0,28.5,28.4,28.4,0,
2019,May,6,106,94.8,81,39,29.3,23,23,10.6,5,15,7.6,0,28.4,28.4,28.3,0,
2019,May,7,106,96.2,86,41,33.9,27,19,11.8,7,13,8.3,0,28.4,28.4,28.3,0,
2019,May,8,106,96.2,88,52,40,34,27,15.2,8,17,9.3,3,28.4,28.4,28.3,0,
2019,May,9,104,95,84,52,40.8,32,29,16.4,9,15,9.3,3,28.4,28.4,28.3,0,
2019,May,10,102,93.4,82,52,45.7,39,30,20.3,11,13,8.5,3,28.4,28.4,28.3,0,
2019,May,11,102,92.3,81,59,51.8,43,45,26.4,14,17,6.6,0,28.5,28.4,28.4,0,
2019,May,12,99,89.5,0,59,50.5,0,48,26.1,0,9,4.4,0,28.5,27.8,0,0,
2019,May,13,104,90.6,75,63,53.5,45,65,31.2,14,18,8.7,3,28.5,28.4,28.3,0,
2019,May,14,100,89.7,75,64,55,50,69,32.8,18,9,4.3,0,28.4,28.4,28.3,0,
2019,May,15,102,92.5,81,59,52.2,43,48,27.2,14,17,6.4,0,28.4,28.4,28.3,0,
2019,May,16,100,90.8,79,61,53.9,48,48,30.3,17,14,6.7,0,28.5,28.4,28.4,0,
2019,May,17,100,84.6,73,64,57.2,48,73,43,19,29,7.7,0,28.5,27.8,0,0,
2019,May,18,95,87.1,73,66,59.6,55,78,41.5,26,13,5.8,0,28.5,28.4,28.4,0,
2019,May,19,100,91.9,79,61,50.3,39,54,25.9,13,9,2.4,0,28.5,28.4,28.4,0,
2019,May,20,102,92.8,82,63,53.9,46,48,27.9,17,12,2.7,0,28.5,28.4,28.4,0,
2019,May,21,104,93.8,84,61,56,50,45,29.1,17,14,3.1,0,28.5,28.4,28.4,0,
2019,May,22,102,90.6,82,75,66,57,74,47.3,22,10,3.5,0,28.4,28.4,28.3,0,
2019,May,23,104,93.8,82,75,61.9,54,74,36.3,19,9,4.8,0,28.4,28.3,28.3,0,
2019,May,24,100,93.3,82,64,61.3,57,54,35.3,24,13,5.6,0,28.4,28.4,28.3,0,
2019,May,25,102,94.6,84,64,52.3,45,51,25.3,14,9,3.4,0,28.4,28.4,28.3,0,
2019,May,26,108,97.4,84,55,49.2,43,37,20.7,11,9,4.8,0,28.4,28.3,28.3,0,
2019,May,27,108,97.3,90,54,46.1,39,29,18.1,10,7,3.3,0,28.4,28.3,28.3,0,
2019,May,28,106,94.4,88,50,44.9,39,27,18.7,10,7,3,0,28.4,28.3,28.3,0,
2019,May,29,111,103.3,88,54,41.2,28,25,13.4,6,9,4.6,0,28.3,28.3,28.2,0,
2019,May,30,111,101.4,91,52,45.9,36,26,16.2,8,12,6.7,3,28.3,28.3,28.2,0,
2019,May,31,111,100.5,90,54,49.8,43,26,18.5,11,17,6.7,0,28.4,28.3,28.2,0,
2019,June,1,111,100.6,90,59,52.5,43,34,21.5,10,12,7.5,2,28.3,28.3,28.2,0,
2019,June,2,113,103.3,93,59,44.5,34,30,15.1,7,14,7.7,0,28.3,28.2,28.2,0,
2019,June,3,115,101.6,0,57,45.8,0,25,15.2,0,12,6.9,2,28.3,28.2,28.2,0,
2019,June,4,113,103.4,95,57,44.8,36,28,15,8,14,8.6,2,28.3,28.3,28.2,0,
2019,June,5,109,101.5,91,64,55.1,45,34,21.9,15,14,7.2,0,28.3,28.3,28.2,0,
2019,June,6,113,101,86,64,45.6,30,48,19,7,14,7.6,0,28.3,28.3,28.2,0,
2019,June,7,111,99,86,70,54.6,37,52,27.4,9,13,5.8,2,28.4,28.3,28.3,0,
2019,June,8,111,101.8,90,70,47.6,30,52,19.1,6,9,3.9,0,28.4,28.3,28.2,0,
2019,June,9,115,104.2,90,52,42.7,34,26,13.6,7,9,3.4,0,28.3,28.2,28.2,0,
2019,June,10,115,104.5,95,52,44.1,36,22,13.9,7,12,8,1,28.2,28.2,28.1,0,
2019,June,11,109,97.9,90,64,57.8,46,43,27.3,13,17,5.8,0,28.2,28.2,28.1,0,
2019,June,12,108,92.7,82,72,63.1,55,66,41.4,18,23,7.1,0,28.3,28.2,28.1,0,
2019,June,13,97,86.8,0,70,65.2,0,62,47.8,0,12,5.1,0,28.3,27.7,0,0,
2019,June,14,104,95.8,84,70,63.9,59,62,35.8,25,12,6,0,28.3,28.2,28.2,0,
2019,June,15,102,91.6,82,72,68.3,64,70,47.1,29,17,7.5,2,28.3,28.3,28.2,0,
2019,June,16,93,85.8,79,79,73.2,70,100,66.8,49,17,6,0,28.3,28.3,28.3,0,
2019,June,17,99,87.5,82,75,72.1,66,79,62.3,35,14,7.2,0,28.3,28.3,28.2,0,
2019,June,18,86,79.3,73,75,72.1,68,100,79,62,14,5.3,0,28.4,28.3,28.3,0,
2019,June,19,90,80.7,73,73,70.7,68,94,72.2,52,12,4.8,0,28.3,28.3,28.2,0,
2019,June,20,99,88.5,77,72,69.3,63,83,54,35,12,4.7,0,28.3,28.3,28.2,0,
2019,June,21,97,90.9,86,72,68.5,66,62,48,39,14,4.5,0,28.4,28.3,28.2,0,
2019,June,22,104,95.8,86,72,63.8,55,62,36.4,22,10,5.2,0,28.3,28.3,28.2,0,
2019,June,23,102,93,86,73,68.3,63,62,45.3,30,15,6.1,0,28.3,28.3,28.2,0,
2019,June,24,102,89.6,84,75,72.1,68,74,57.9,33,14,5.7,0,28.3,28.3,28.2,0,
2019,June,25,102,91.4,84,75,71.6,52,70,53.4,23,9,4.1,0,28.3,28.3,28.2,0,
2019,June,26,106,97.5,82,73,67.3,61,74,39.8,23,14,6.9,0,28.3,28.2,28.1,0,
2019,June,27,104,95.9,88,72,65.7,59,55,38.1,24,12,7.8,0,28.3,28.2,28.1,0,
2019,June,28,104,94.9,86,73,68.9,63,58,43.6,26,14,6.7,0,28.3,28.2,28.1,0,
2019,June,29,106,94.8,82,73,67.6,63,70,42.8,28,16,8.1,3,28.2,28.2,28.1,0,
2019,June,30,106,94.8,86,72,69,63,55,44.4,24,12,8.2,0,28.3,28.2,28.1,0,
2019,July,1,106,89.8,79,73,69.4,63,74,52.6,28,14,9.6,3,28.3,28.2,28.1,0,
2019,July,2,104,94.5,84,73,68.3,63,62,44.3,26,12,7,2,28.3,28.2,28.1,0,
2019,July,3,102,93.1,84,77,71.7,66,79,51.1,31,14,7.2,0,28.3,28.2,28.1,0,
2019,July,4,99,87.1,81,79,75.1,70,94,70.3,39,12,4.7,0,28.2,28.2,28.1,0,
2019,July,5,88,83.8,81,79,76.7,73,94,79.9,66,12,6.5,2,28.2,28.1,28.1,0,
2019,July,6,84,78.4,73,79,76.3,73,100,93.6,79,14,3.5,0,28.1,28.1,28.1,0,
2019,July,7,88,83.3,77,77,74.5,72,94,76.3,62,13,5.6,0,28.2,28.1,28.1,0,
2019,July,8,95,86.8,0,79,74.8,0,94,66.8,0,14,8.1,0,28.2,28.1,28.1,0,
2019,July,9,91,85.6,79,81,78.5,75,100,79.3,63,9,6.1,2,28.2,28.1,28.1,0,
2019,July,10,99,90.6,82,77,72.2,68,79,55.8,39,14,9.4,6,28.2,28.1,28.1,0,
2019,July,11,97,90.4,84,81,72.5,68,71,56.6,39,13,9.7,6,28.2,28.2,28.1,0,
2019,July,12,97,89.4,82,73,70.2,68,74,53.6,39,14,9.7,5,28.3,28.2,28.2,0,
2019,July,13,97,90.3,82,73,69.5,66,74,51,37,14,10.3,7,28.3,28.2,28.2,0,
2019,July,14,97,90.1,82,72,68.8,66,70,50.2,37,16,10.5,5,28.3,28.2,28.1,0,
2019,July,15,95,89.8,84,72,70,68,66,52,41,12,9.4,6,28.2,28.2,28.1,0,
2019,July,16,93,88.3,84,73,70,68,70,54.5,44,15,7.8,0,28.3,28.3,28.2,0,
2019,July,17,97,90.1,84,75,70.1,66,70,52.5,39,13,7.9,0,28.3,28.3,28.2,0,
2019,July,18,93,82.7,77,77,73.9,70,94,77,49,17,4,0,28.3,28.3,28.2,0,
2019,July,19,93,88,81,79,74.8,72,84,65.8,49,12,3.8,0,28.3,28.3,28.2,0,
2019,July,20,97,88.3,82,77,74.9,72,84,65.3,44,12,4.2,0,28.3,28.3,28.3,0,
2019,July,21,100,89.9,82,77,74.9,72,84,62.8,42,13,7,2,28.3,28.3,28.2,0,
2019,July,22,99,89.1,82,79,75.1,70,84,64.4,44,10,5.8,3,28.3,28.2,28.2,0,
2019,July,23,100,93.4,86,77,74,70,70,54.3,37,10,5.4,0,28.3,28.2,28.1,0,
2019,July,24,102,84.7,73,79,75.7,73,100,78,40,14,7.5,0,28.3,28.2,28.1,0,
2019,July,25,81,77.6,73,77,75.9,73,100,95.1,84,12,3.9,0,28.3,28.2,28.1,0,
2019,July,26,82,78.8,75,79,77.5,75,100,95.8,84,17,4,0,28.3,28.2,28.1,0,
2019,July,27,81,79.5,77,81,79,77,100,98.3,89,8,3.4,0,28.2,28.2,28.1,0,
2019,July,28,88,79,0,81,77.5,0,100,93.1,0,8,5.3,2,28.3,28.2,28.1,0,
2019,July,29,90,84.1,79,81,78.9,77,100,84.7,70,14,8.8,3,28.3,28.2,28.2,0,
2019,July,30,91,86.4,81,79,77.6,75,89,75.4,59,10,6.5,0,28.3,28.2,28.1,0,
2019,July,31,90,88.1,84,79,77.5,75,84,71.3,62,7,3.3,0,28.3,28.2,28.2,0,
2019,Aug,1,93,84.6,77,79,78.1,75,100,82,59,12,3.8,0,28.3,28.2,28.1,0,
2019,Aug,2,90,82.8,79,81,78.6,77,100,87.2,70,9,4.5,0,28.2,28.2,28.1,0,
2019,Aug,3,91,83.8,79,82,78.6,75,100,84.4,59,10,2.1,0,28.2,28.2,28.1,0,
2019,Aug,4,93,85.3,81,81,78.8,77,94,80.8,59,5,0.8,0,28.2,28.1,28.1,0,
2019,Aug,5,93,85,81,82,78.9,75,94,82.3,63,14,5,0,28.2,28.1,28.1,0,
2019,Aug,6,90,80.4,77,81,77.5,75,100,91.9,70,23,5,0,28.2,28.1,28.1,0,
2019,Aug,7,88,80.5,77,79,78.2,77,100,93.1,74,17,2.3,0,28.2,28.1,28.1,0,
2019,Aug,8,93,87.3,79,79,77.9,75,100,74.6,59,12,7,0,28.1,28.1,28,0,
2019,Aug,9,88,82.3,77,81,78,75,100,87.7,70,16,11.7,7,28.1,28.1,28.1,0,
2019,Aug,10,88,80.9,77,79,77.8,75,100,90.8,70,14,7.8,2,28.2,28.2,28.1,0,
2019,Aug,11,88,81.8,79,79,76.9,75,100,85.7,70,7,4.6,2,28.3,28.3,28.2,0,
2019,Aug,12,90,84.2,79,79,77.5,75,100,80.9,66,12,7.2,5,28.3,28.3,28.2,0,
2019,Aug,13,88,82.2,77,79,76.4,73,100,83.3,70,17,5.9,0,28.3,28.3,28.3,0,
2019,Aug,14,86,81.6,79,81,78.9,77,100,91.5,79,12,6.6,0,28.3,28.3,28.2,0,
2019,Aug,15,88,79.6,0,79,76.2,0,100,88.1,0,12,6.1,0,28.3,27.7,0,0,
2019,Aug,16,84,79.6,77,79,76.9,75,100,92,79,13,5.9,0,28.2,28.2,28.1,0,
2019,Aug,17,79,77.3,77,79,76.9,75,100,98.9,94,14,7.2,0,28.3,28.2,28.1,0,
2019,Aug,18,90,82.4,77,79,76.8,73,100,84.2,70,13,5.8,0,28.4,28.4,28.3,0,
2019,Aug,19,93,83,0,79,73.9,0,94,72.4,0,10,6.6,0,28.4,27.7,0,0,
2019,Aug,20,93,85.7,79,77,74.6,68,89,70.4,49,12,6.2,0,28.4,28.4,28.3,0,
2019,Aug,21,93,86.3,81,77,73.6,66,89,66.7,56,13,8,2,28.4,28.3,28.3,0,
2019,Aug,22,93,84.9,81,77,74.1,72,84,71.4,52,13,5.1,0,28.4,28.3,28.3,0,
2019,Aug,23,93,87.3,81,77,73.4,72,89,64.3,49,12,7.9,1,28.4,28.3,28.3,0,
2019,Aug,24,93,86.9,79,79,74.5,72,89,67.3,49,13,5.6,0,28.4,28.3,28.3,0,
2019,Aug,25,86,81.2,77,79,75.9,73,100,85.1,66,14,3.9,0,28.4,28.3,28.3,0,
2019,Aug,26,90,84.2,79,79,76.8,75,94,79,62,9,5.5,1,28.3,28.3,28.3,0,
2019,Aug,27,93,84.3,81,81,78.1,73,100,82,55,10,4.3,0,28.3,28.3,28.2,0,
2019,Aug,28,91,84.7,81,81,78.7,77,94,82.1,63,10,3.5,0,28.4,28.3,28.3,0,
2019,Aug,29,91,84.3,81,81,78.6,75,94,83.6,63,9,2.3,0,28.4,28.3,28.3,0,
2019,Aug,30,93,85.2,81,81,77.5,75,94,78.5,56,9,2.7,0,28.3,28.3,28.2,0,
2019,Aug,31,95,87.8,81,81,77.8,75,89,72.3,56,7,1.6,0,28.3,28.2,28.2,0,
2019,Sep,1,93,83.7,77,79,78.6,77,100,85.4,59,12,3.6,0,28.3,28.3,28.2,0,
2019,Sep,2,91,84.5,79,81,77.9,73,100,81,63,10,3.2,0,28.3,28.3,28.2,0,
2019,Sep,3,93,86.4,81,81,78.2,75,94,76.5,59,12,2,0,28.3,28.3,28.2,0,
2019,Sep,4,95,86.3,81,81,78.5,75,94,77.6,56,12,2.7,0,28.3,28.2,28.2,0,
2019,Sep,5,93,86,81,81,78,77,94,77.1,59,8,3.4,0,28.3,28.2,28.2,0,
2019,Sep,6,91,83.8,79,82,78.7,75,100,84.8,63,12,3,0,28.3,28.2,28.2,0,
2019,Sep,7,90,84,79,79,77.4,73,100,81.4,66,10,3.7,0,28.3,28.3,28.2,0,
2019,Sep,8,91,85.9,81,79,78.5,75,94,78.6,63,8,2.6,0,28.3,28.3,28.2,0,
2019,Sep,9,97,89.4,81,79,76,68,94,66.4,39,9,3,0,28.3,28.3,28.2,0,
2019,Sep,10,99,91,84,81,76,72,84,62.9,44,7,3.1,0,28.3,28.2,28.2,0,
2019,Sep,11,99,90.2,84,81,79.6,77,89,71.3,50,10,6,2,28.3,28.3,28.2,0,
2019,Sep,12,99,88.6,81,79,76.1,72,89,68.5,42,14,7.9,0,28.4,28.3,28.3,0,
2019,Sep,13,97,86.8,79,79,77.2,73,94,74.2,47,14,5.4,0,28.4,28.3,28.3,0,
2019,Sep,14,93,86.7,82,79,76.6,75,89,72.3,56,10,6,0,28.4,28.4,28.3,0,
2019,Sep,15,84,81.7,77,81,78.9,77,100,90.9,79,8,2.3,0,28.4,28.4,28.3,0,
2019,Sep,16,97,87.2,79,79,76.9,73,100,72.9,49,8,4.9,0,28.4,28.3,28.3,0,
2019,Sep,17,97,85.6,73,84,73.3,66,84,65.8,0,17,4.8,0,28.4,28.4,28.3,0,
2019,Sep,18,93,83.9,79,77,73,64,89,71.2,46,14,4.1,0,28.5,28.5,28.4,0,
2019,Sep,19,90,82.8,77,77,73.9,70,94,76.7,52,10,6.2,0,28.6,28.5,28.4,0,
2019,Sep,20,90,82.2,77,75,73.2,72,94,75.9,58,7,5.3,3,28.5,28.4,28.4,0,
2019,Sep,21,86,80.9,75,75,73.2,70,89,78,66,12,5.5,0,28.5,28.4,28.4,0,
2019,Sep,22,90,80.9,73,72,71.3,68,94,73.2,49,16,6,0,28.5,28.5,28.4,0,
2019,Sep,23,88,80.4,75,73,72.1,70,94,76.8,55,12,7.1,0,28.6,28.5,28.4,0,
2019,Sep,24,88,79.8,75,79,73.1,72,94,81.3,58,12,7.5,3,28.6,28.5,28.4,0,
2019,Sep,25,88,80.2,75,75,73.8,73,100,82.6,62,14,8.8,6,28.6,28.6,28.5,0,
2019,Sep,26,88,80.9,77,75,74.2,73,94,81.5,62,9,5.7,0,28.6,28.6,28.5,0,
2019,Sep,27,90,82.6,77,73,72.5,70,89,73.3,52,9,5,0,28.6,28.5,28.4,0,
2019,Sep,28,88,80.5,75,73,71.9,68,94,75.9,55,7,4.1,0,28.5,28.5,28.4,0,
2019,Sep,29,86,78.3,75,77,72.9,70,100,84.4,66,12,2.4,0,28.6,28.5,28.4,0,
2019,Sep,30,90,80.7,0,73,69.1,0,94,67,0,10,4.1,0,28.5,27.7,0,0,
2019,Oct,1,88,81,75,75,71.9,68,94,74.7,52,9,1.7,0,28.5,28.5,28.4,0,
2019,Oct,2,91,80.2,75,75,69.2,63,94,70.2,46,14,2.6,0,28.6,28.5,28.5,0,
2019,Oct,3,91,82.4,75,70,67,63,83,61,40,10,3.3,0,28.6,28.5,28.4,0,
2019,Oct,4,91,80.8,73,68,66.1,59,78,62.5,34,12,3.9,0,28.6,28.5,28.4,0,
2019,Oct,5,90,82.1,73,70,65.2,61,83,58.4,40,7,2.7,0,28.6,28.5,28.5,0,
2019,Oct,6,90,83.1,73,70,64.6,59,83,55.3,36,7,2.9,0,28.6,28.6,28.5,0,
2019,Oct,7,91,77.9,72,70,67.8,64,94,72.3,41,12,3.8,0,28.6,28.6,28.5,0,
2019,Oct,8,90,80.6,72,70,62.6,59,88,55.8,38,6,2.2,0,28.6,28.6,28.5,0,
2019,Oct,9,90,82,72,66,58.9,54,73,47.3,31,6,2.1,0,28.6,28.5,28.5,0,
2019,Oct,10,91,82,72,66,54.9,48,69,41.4,24,7,2.9,0,28.6,28.5,28.5,0,
2019,Oct,11,91,81.2,70,63,55.5,46,69,43.8,21,7,2.5,0,28.6,28.5,28.5,0,
2019,Oct,12,93,81.3,0,63,56.5,0,64,42.7,0,7,2.7,0,28.6,28.6,28.5,0,
2019,Oct,13,95,84.6,75,61,54.1,45,57,36.9,19,10,2.9,0,28.6,28.6,28.5,0,
2019,Oct,14,95,84.6,73,64,56.7,48,61,40.5,20,8,2.6,0,28.6,28.6,28.5,0,
2019,Oct,15,93,82.9,73,59,55.6,48,61,40.9,23,6,2.1,0,28.6,28.6,28.6,0,
2019,Oct,16,93,83.4,73,61,56.6,50,61,41.8,23,9,3.4,0,28.7,28.6,28.6,0,
2019,Oct,17,93,83,73,63,59.3,52,69,46.1,26,6,2.6,0,28.7,28.6,28.5,0,
2019,Oct,18,91,82,72,64,61.2,57,73,50.6,34,7,4.3,0,28.7,28.6,28.5,0,
2019,Oct,19,90,81.8,73,64,60.6,55,73,49.5,31,10,3,0,28.7,28.6,28.6,0,
2019,Oct,20,90,80.9,70,64,52.5,37,73,39.6,16,9,4.1,0,28.7,28.6,28.6,0,
2019,Oct,21,90,79.8,70,57,51.2,39,56,39,17,7,2.3,0,28.7,28.6,28.5,0,
2019,Oct,22,90,78.9,68,55,49.4,43,64,37.9,20,9,2.3,0,28.6,28.5,28.5,0,
2019,Oct,23,91,79.3,66,52,43.5,34,56,30.6,14,7,2,0,28.6,28.5,28.4,0,
2019,Oct,24,91,79.5,68,54,48.7,43,50,35.5,20,7,2.9,0,28.6,28.5,28.4,0,
2019,Oct,25,90,79.1,70,55,52.5,46,60,41.3,24,8,4.3,0,28.6,28.5,28.5,0,
2019,Oct,26,86,76.7,68,59,53.8,48,64,46.5,27,8,3.8,0,28.7,28.6,28.5,0,
2019,Oct,27,88,78.1,66,57,52.4,45,68,43.2,22,5,1.6,0,28.6,28.6,28.5,0,
2019,Oct,28,84,76.3,68,61,56.5,54,69,51.6,35,5,1,0,28.7,28.6,28.6,0,
2019,Oct,29,90,78.2,70,57,53.2,46,60,43.4,24,6,1.4,0,28.7,28.6,28.6,0,
2019,Oct,30,88,76.9,0,63,50.3,0,60,40.1,0,5,1.5,0,28.7,28,0,0,
2019,Oct,31,93,83.2,68,61,58,54,68,43.5,30,6,2.1,0,28.6,28.6,28.5,0,
2019,Nov,1,93,81.8,70,59,54.6,46,64,41.9,20,12,4,0,28.6,28.6,28.5,0,
2019,Nov,2,90,79.3,72,59,57.3,45,64,48.1,21,12,6.2,0,28.7,28.6,28.6,0,
2019,Nov,3,86,77.6,70,63,61.1,57,78,57.2,43,7,3.2,0,28.7,28.6,28.6,0,
2019,Nov,4,88,77.9,66,64,58,54,78,51.8,35,8,2.7,0,28.7,28.6,28.6,0,
2019,Nov,5,86,75.8,66,59,49.7,43,73,42,22,6,1.9,0,28.6,28.6,28.5,0,
2019,Nov,6,86,76,68,63,53.9,46,78,47.5,29,6,3.3,0,28.6,28.5,28.4,0,
2019,Nov,7,79,72.7,68,63,58.9,55,78,62.6,44,15,8.2,2,28.6,28.5,28.4,0,
2019,Nov,8,84,76.2,68,75,58.3,55,84,54.9,40,10,5.8,2,28.6,28.6,28.5,0,
2019,Nov,9,84,76.5,68,57,53.2,50,60,45,33,10,5.2,0,28.6,28.6,28.6,0,
2019,Nov,10,82,71.4,66,55,52.8,50,60,52.2,35,6,3,0,28.7,28.6,28.6,0,
2019,Nov,11,86,75.6,66,57,54.1,50,60,48.1,35,7,4.4,0,28.6,28.6,28.5,0,
2019,Nov,12,86,76.6,68,59,55.3,50,64,48.9,35,8,4.6,0,28.6,28.6,28.6,0,
2019,Nov,13,86,76.5,68,57,55.6,52,64,49.4,35,9,4.9,0,28.7,28.6,28.6,0,
2019,Nov,14,82,74.9,68,59,55.8,54,60,52,42,14,5.8,0,28.7,28.7,28.6,0,
2019,Nov,15,84,73.8,64,55,53.1,50,68,49.1,33,52,3.6,0,28.7,28.6,28.6,0,
2019,Nov,16,84,75.4,66,57,53.3,50,68,47.2,30,9,5.3,0,28.7,28.7,28.6,0,
2019,Nov,17,84,74.8,66,55,52.5,50,68,46.4,32,12,5,0,28.8,28.7,28.6,0,
2019,Nov,18,81,71.7,63,57,48.8,45,68,46,28,10,3.4,0,28.7,28.6,28.6,0,
2019,Nov,19,81,71.2,61,50,47.1,43,63,44.2,28,6,2.3,0,28.7,28.6,28.6,0,
2019,Nov,20,82,71.5,61,54,50.3,48,64,48.6,30,8,3.4,0,28.7,28.6,28.6,0,
2019,Nov,21,81,71.1,63,52,51.2,50,64,50.5,34,9,4.7,2,28.7,28.1,0,0,
2019,Nov,22,82,72,63,55,52.1,46,68,50.7,32,5,1.7,0,28.8,28.7,28.6,0,
2019,Nov,23,82,72.3,64,57,54.6,52,68,54.8,39,5,1.2,0,28.8,28.7,28.6,0,
2019,Nov,24,86,72.3,64,57,54.8,52,73,55.1,33,7,2.2,0,28.7,28.6,28.6,0,
2019,Nov,25,81,70.3,0,57,54.1,0,68,55.8,0,9,5.4,0,28.7,28,0,0,
2019,Nov,26,81,72.3,64,55,52.9,50,73,51.4,34,9,5.6,0,28.7,28.6,28.6,0,
2019,Nov,27,81,72.4,64,59,56.2,50,73,57.9,42,12,6.8,3,28.7,28.6,28.6,0,
2019,Nov,28,79,70.8,63,63,61.2,59,94,72.5,54,9,4.3,0,28.7,28.6,28.6,0,
2019,Nov,29,73,67.2,61,61,59.4,57,94,77,61,8,3.6,0,28.7,28.7,28.6,0,
2019,Nov,30,75,68.3,61,59,57.7,57,88,70.1,53,7,3.1,0,28.8,28.7,28.6,0,
2019,Dec,1,73,66.4,57,59,54.5,48,82,66.2,57,6,1.7,0,28.8,28.7,28.6,0,
2019,Dec,2,77,65.9,54,48,40.1,34,77,41.9,21,5,1.2,0,28.8,28.7,28.7,0,
2019,Dec,3,79,66.1,52,57,36.2,27,94,37.3,15,6,2.1,0,28.8,28.7,28.6,0,
2019,Dec,4,79,65.1,52,41,36.8,27,62,38.5,15,6,1.7,0,28.8,28.1,0,0,
2019,Dec,5,77,64.5,54,46,41,30,72,45.3,18,8,2.7,0,28.9,28.8,28.7,0,
2019,Dec,6,72,62.9,54,48,45.5,41,77,54.6,33,6,1,0,28.8,28.8,28.7,0,
2019,Dec,7,73,63,54,52,46.1,39,82,57.1,29,8,2.4,0,28.8,28.7,28.7,0,
2019,Dec,8,75,62.4,54,50,43.4,36,82,53.1,25,6,1.8,0,28.8,28.7,28.7,0,
2019,Dec,9,75,64.1,54,48,45.7,41,82,53.6,29,7,2.2,0,28.8,28.7,28.6,0,
2019,Dec,10,73,63.5,54,52,49.4,46,88,62.6,38,6,1.6,0,28.7,28.6,28.6,0,
2019,Dec,11,73,64,52,55,52.1,48,88,67,44,7,4,0,28.7,28.6,28.5,0,
2019,Dec,12,72,63.9,59,59,55.5,52,100,76.2,56,12,7.3,0,28.6,28.5,28.4,0,
2019,Dec,13,66,58.9,50,61,54,48,100,84.6,64,9,4,0,28.7,28.6,28.5,0,
2019,Dec,14,66,57.6,48,50,47.7,43,100,72.3,43,8,2.3,0,28.8,28.8,28.7,0,
2019,Dec,15,68,58.5,50,52,47.9,45,100,71,43,7,3,0,28.8,28.7,28.7,0,
2019,Dec,16,64,55.6,45,48,45.3,39,100,71.3,40,7,3.6,0,28.8,28.8,28.7,0,
2019,Dec,17,59,50.1,43,48,45.9,43,100,87.2,63,9,2.4,0,28.9,28.8,28.7,0,
2019,Dec,18,66,53.4,43,50,47.3,43,100,82.5,46,6,1.8,0,28.8,28.7,28.7,0,
2019,Dec,19,70,58.4,46,50,45.1,36,100,66.7,30,5,1.5,0,28.8,28.1,0,0,
2019,Dec,20,72,61,50,52,47.5,41,94,64.5,35,6,1.3,0,28.7,28.6,28.6,0,
2019,Dec,21,73,62.3,52,50,44.1,39,88,53.3,33,9,3,0,28.7,28.7,28.6,0,
2019,Dec,22,73,61.8,50,45,39.4,32,76,47.3,23,9,2.4,0,28.8,28.7,28.6,0,
2019,Dec,23,73,61.7,48,48,37.1,27,82,46.1,19,12,3.2,0,28.7,28.7,28.6,0,
2019,Dec,24,66,55.5,48,46,43.8,39,87,66.3,43,9,5.5,0,28.8,28.7,28.7,0,
2019,Dec,25,70,56,46,46,41.2,34,93,60.3,30,6,1.6,0,28.8,28.7,28.6,0,
2019,Dec,26,70,56.4,45,45,32,23,82,45.2,17,7,2.1,0,28.7,28.7,28.6,0,
2019,Dec,27,70,56.2,43,43,37,23,87,54.4,17,7,3.4,0,28.8,28.7,28.6,0,
2019,Dec,28,66,51.8,41,43,38.9,34,87,65.2,30,7,2.5,0,28.8,28.7,28.7,0,
2019,Dec,29,63,49.3,36,43,38.8,36,100,71.4,39,6,3.8,0,28.8,28.7,28.7,0,
2019,Dec,30,61,46.1,37,43,38.6,36,100,79.7,39,12,8.2,3,28.7,28.7,28.6,0,
2019,Dec,31,61,49,37,41,38,37,100,69.5,42,10,7.4,5,28.8,28.7,28.7,0,
2018,Jan,1,72,59.9,48,46,38.9,25,87,51.5,17,8,2,0,28.7,28.6,28.6,0,
2018,Jan,2,72,58.7,45,48,38.7,34,93,52.3,25,6,0.5,0,28.7,28.6,28.3,0,
2018,Jan,3,72,58.2,45,43,35.9,27,81,47.8,19,6,2.1,0,28.7,28.6,28.6,0,
2018,Jan,4,72,59,45,41,35,27,81,44,19,7,2.1,0,28.7,28.6,28.6,0,
2018,Jan,5,73,59.9,46,46,39.6,32,87,50.8,25,8,1.1,0,28.7,28.6,28.6,0,
2018,Jan,6,73,58.9,48,46,41.8,36,93,56.3,27,5,0.5,0,28.6,28.6,28.6,0,
2018,Jan,7,72,59.9,46,39,31.2,25,66,37.7,17,6,1.3,0,28.7,28.6,28.6,0,
2018,Jan,8,72,60.2,46,37,31.2,23,66,37.3,16,7,1.3,0,28.8,28.7,28.6,0,
2018,Jan,9,73,60.1,46,39,34.5,28,66,41.6,20,6,1.2,0,28.8,28.8,28.7,0,
2018,Jan,10,75,61.1,46,41,30.9,21,71,36.2,14,7,1.7,0,28.8,28.7,28.7,0,
2018,Jan,11,75,64.7,48,37,28.1,21,62,28.4,14,8,3.8,0,28.8,28.7,28.6,0,
2018,Jan,12,75,66.1,52,41,33,25,48,31.7,15,7,2.2,0,28.7,28.7,28.6,0,
2018,Jan,13,79,66.8,54,41,36.8,32,58,35.5,19,9,3,0,28.7,28.7,28.6,0,
2018,Jan,14,79,64.7,50,41,37,34,66,39,20,8,1.3,0,28.7,28.7,28.6,0,
2018,Jan,15,79,64.3,48,41,27.9,16,66,30.4,10,8,2.7,0,28.8,28.7,28.6,0,
2018,Jan,16,79,64.5,45,46,25.2,12,53,26.1,8,8,2.4,0,28.7,28.6,28.6,0,
2018,Jan,17,79,65.1,0,43,34,0,45,29.9,0,9,6,0,28.7,27.1,0,0,
2018,Jan,18,81,67.4,54,45,41.8,39,67,40.9,24,7,2.6,0,28.7,28.6,28.6,0,
2018,Jan,19,79,66.9,0,50,42.6,0,72,43.6,0,8,3.5,0,28.7,28,0,0,
2018,Jan,20,75,62.3,50,48,33.5,16,88,40.5,11,8,2,0,28.7,28,0,0,
2018,Jan,21,77,64.6,48,41,35.6,28,58,36.7,18,8,3.4,0,28.7,28.6,28.6,0,
2018,Jan,22,77,65.8,54,46,43.7,39,58,45.4,29,10,7.6,5,28.6,28.5,28.5,0,
2018,Jan,23,75,65,55,52,41,30,72,44.3,19,16,6.6,1,28.6,28.5,28.4,0,
2018,Jan,24,70,60.4,48,52,44.5,37,100,60.2,33,12,4.9,0,28.6,28.6,28.5,0,
2018,Jan,25,73,59.9,46,52,41.1,27,100,57,18,7,2.6,0,28.6,28.6,28.5,0,
2018,Jan,26,77,64.3,48,46,35.2,23,82,39.5,14,10,4.6,0,28.6,28.6,28.6,0,
2018,Jan,27,77,62.2,50,52,41.1,25,88,52.1,15,9,3.9,0,28.6,28.6,28.5,0,
2018,Jan,28,77,64.8,48,48,39.9,30,82,44.2,18,8,3.6,0,28.7,28.6,28.6,0,
2018,Jan,29,81,67.5,52,43,37.8,30,67,37.4,17,6,1.4,0,28.8,28.7,28.6,0,
2018,Jan,30,84,70.6,54,43,36.2,27,63,31.5,14,8,3.3,0,28.8,28.7,28.6,0,
2018,Jan,31,84,73.6,63,41,36.8,30,45,28,15,12,5.7,0,28.7,28.7,28.6,0,
2018,Feb,1,86,73.8,57,45,37.1,30,59,29.1,14,13,3.2,0,28.7,28.6,28.6,0,
2018,Feb,2,82,72.3,57,48,40.8,34,63,34.6,17,10,3.6,0,28.6,28.6,28.5,0,
2018,Feb,3,77,68.9,55,39,33.3,27,51,28.7,17,10,5.7,1,28.7,28.6,28.6,0,
2018,Feb,4,77,64.7,54,37,29.6,18,51,29.8,11,9,3.2,0,28.8,28.7,28.6,0,
2018,Feb,5,75,65.2,54,34,31.6,27,47,29.8,17,9,5.5,0,28.8,28.7,28.7,0,
2018,Feb,6,73,66.2,55,36,28.3,19,47,25.8,13,8,3.1,0,28.8,28.7,28.6,0,
2018,Feb,7,75,65.3,54,36,25.3,14,47,24.6,10,8,2.5,0,28.7,28.6,28.6,0,
2018,Feb,8,77,65,52,34,31.4,28,47,29.6,17,9,4.1,0,28.7,28.6,28.5,0,
2018,Feb,9,77,65.8,52,34,29.3,19,50,28.2,12,7,2.9,0,28.7,28.6,28.6,0,
2018,Feb,10,79,68.1,54,39,34.3,30,41,29.6,17,13,8.3,0,28.7,28.6,28.6,0,
2018,Feb,11,73,65.7,59,48,41.5,36,67,43.2,25,18,11.8,6,28.7,28.6,28.5,0,
2018,Feb,12,77,66.2,55,59,47.4,32,100,59.2,19,13,6.4,0,28.8,28.7,28.6,0,
2018,Feb,13,77,65.8,55,59,41.6,25,100,46.8,20,8,3.5,0,28.9,28.8,28.8,0,
2018,Feb,14,75,65.2,52,45,39.2,32,59,40.1,22,9,3,0,28.9,28.9,28.8,0,
2018,Feb,15,81,67.1,54,45,42.1,39,67,42.5,23,9,3.4,0,28.9,28.8,28.8,0,
2018,Feb,16,82,69.3,0,46,41.4,0,63,37.5,0,8,2.5,0,28.8,28,0,0,
2018,Feb,17,86,73.5,61,45,39.2,32,55,31.2,14,12,4.3,0,28.7,28.6,28.5,0,
2018,Feb,18,82,67.4,0,48,37.6,0,67,33.9,0,72,5.5,0,28.6,27.9,0,0,
2018,Feb,19,84,71.7,57,43,39.7,36,55,32.9,18,7,3.5,0,28.7,28.6,28.6,0,
2018,Feb,20,88,74.4,59,45,39.4,32,52,30.5,14,7,2.2,0,28.7,28.6,28.5,0,
2018,Feb,21,91,77.1,61,48,43.3,37,56,32.4,16,12,3,0,28.6,28.5,28.5,0,
2018,Feb,22,90,77.3,64,48,45.2,37,52,34.3,16,10,2.2,0,28.6,28.5,28.4,0,
2018,Feb,23,91,78.3,64,50,42.3,32,59,30.8,12,8,2,0,28.6,28.5,28.4,0,
2018,Feb,24,90,80,66,52,45,37,52,30.9,17,8,4,0,28.6,28.6,28.5,0,
2018,Feb,25,88,76.7,63,50,42.2,30,55,31.6,15,10,4.5,0,28.8,28.7,28.6,0,
2018,Feb,26,88,76,59,48,43.4,37,63,34,17,12,3.6,0,28.7,28.6,28.6,0,
2018,Feb,27,90,79,64,54,47.3,43,60,34.9,21,8,4.7,1,28.7,28.6,28.6,0,
2018,Feb,28,88,80.8,66,54,49.4,45,64,35.2,22,9,3.6,0,28.7,28.6,28.5,0,
2018,Mar,1,93,79.3,70,57,50.2,41,57,38.6,16,9,3.7,0,28.6,28.5,28.5,0,
2018,Mar,2,91,80.5,68,48,42.4,37,49,27.9,15,9,3.6,0,28.6,28.5,28.4,0,
2018,Mar,3,93,80.8,68,50,37.7,27,49,23.9,10,15,6,0,28.7,28.4,28.4,0,
2018,Mar,4,88,72.5,0,52,46,0,68,39.9,0,17,5.6,0,28.7,27.8,0,0,
2018,Mar,5,86,73,52,54,41.8,32,100,36,18,8,3.4,0,28.7,28.6,28.6,0,
2018,Mar,6,86,75.3,63,45,37.9,25,48,28.1,11,10,4.3,0,28.7,28.6,28.6,0,
2018,Mar,7,90,77.7,61,46,33.5,21,55,23.7,9,8,3.5,0,28.7,28.6,28.5,0,
2018,Mar,8,91,78.5,61,41,32.2,23,42,20.3,8,9,5.6,0,28.7,28.6,28.6,0,
2018,Mar,9,91,79.1,0,45,37.4,0,37,22.6,0,12,5.9,2,28.7,27.9,0,0,
2018,Mar,10,91,81.7,68,45,38.8,32,40,23.1,12,12,4.6,0,28.7,28.6,28.5,0,
2018,Mar,11,91,78.4,0,46,36.2,0,46,23.4,0,7,3.3,0,28.6,27.9,0,0,
2018,Mar,12,93,82.2,68,45,36.9,28,43,21.8,10,8,2.3,0,28.6,28.6,28.5,0,
2018,Mar,13,97,83.5,68,41,32.6,21,35,17.9,7,9,3.3,0,28.6,28.5,28.4,0,
2018,Mar,14,90,80.8,70,46,37.4,30,43,22.8,12,12,5.8,0,28.6,28.5,28.4,0,
2018,Mar,15,91,80.2,70,46,38.7,25,43,24.6,10,12,5,0,28.6,28.5,28.4,0,
2018,Mar,16,90,79.5,66,52,40.2,30,49,26.7,13,12,4.8,0,28.6,28.5,28.4,0,
2018,Mar,17,90,78.9,64,46,32.8,19,49,22.3,8,13,5.2,0,28.6,28.6,28.5,0,
2018,Mar,18,91,81,64,41,33.3,25,40,19.5,9,9,5.6,0,28.6,28.6,28.5,0,
2018,Mar,19,90,78.3,70,46,40.4,32,43,27.4,13,10,4.9,0,28.7,28.6,28.6,0,
2018,Mar,20,93,82.8,72,50,42.8,36,44,25.2,19,10,6.3,1,28.6,28.5,28.4,0,
2018,Mar,21,90,81.3,70,55,36.6,27,60,22.4,10,17,8.3,1,28.5,28.5,28.4,0,
2018,Mar,22,88,79,66,54,45.9,36,60,33.6,16,10,6,2,28.5,28.5,28.4,0,
2018,Mar,23,88,76.6,66,54,43.8,37,60,33.3,18,12,3.9,0,28.6,28.6,28.5,0,
2018,Mar,24,90,77.2,64,50,44.5,28,45,33.2,11,9,3.5,0,28.7,28.6,28.6,0,
2018,Mar,25,95,77.9,0,48,33.4,0,49,20.2,0,9,4.8,0,28.7,28.6,28.6,0,
2018,Mar,26,97,86.2,68,45,29.3,12,40,15.8,5,9,4.7,0,28.7,28.6,28.5,0,
2018,Mar,27,100,87.8,68,48,22.4,9,31,11.5,4,10,3.5,0,28.6,28.5,28.4,0,
2018,Mar,28,102,87,0,37,24.8,0,25,10.5,0,9,4.7,0,28.5,27.3,0,0,
2018,Mar,29,100,88.6,72,45,29,16,34,14.3,5,107,10.7,0,28.6,28.5,28.4,0,
2018,Mar,30,102,84.8,72,48,30.3,12,41,18,4,13,3.9,0,28.5,28.4,28.4,0,
2018,Mar,31,100,87.7,73,46,32.4,16,28,15.9,5,12,6.1,0,28.5,28.4,28.4,0,
2018,Apr,1,99,87,73,54,41.6,28,50,24.1,8,9,5.3,0,28.5,27.5,0,0,
2018,Apr,2,100,87.8,77,54,44.5,34,41,24.3,10,9,5.2,0,28.6,28.5,28.4,0,
2018,Apr,3,102,91.1,82,50,33.6,25,30,14,6,9,4.5,0,28.5,28.5,28.4,0,
2018,Apr,4,102,91.6,82,41,33,25,20,13.1,6,9,4.5,0,28.5,28.4,28.3,0,
2018,Apr,5,102,87.7,0,48,38.8,0,34,18.3,0,10,5.9,2,28.4,27.4,0,0,
2018,Apr,6,100,84.5,0,59,48.2,0,53,29.7,0,23,7.5,0,28.5,27.7,0,0,
2018,Apr,7,97,83.7,0,59,50.5,0,60,32.5,0,7,3.3,0,28.6,27,0,0,
2018,Apr,8,99,89.2,79,61,54.6,46,54,32.5,17,9,6,2,28.6,28.5,28.4,0,
2018,Apr,9,95,87.2,81,57,54.6,52,42,33.3,23,15,7.1,0,28.6,27.6,0,0,
2018,Apr,10,97,86.7,77,59,51.9,45,51,32.2,17,47,7.1,0,28.6,28.4,28.4,0,
2018,Apr,11,99,82.6,70,64,54.5,43,73,41.5,15,18,9.5,3,28.5,28.4,28.4,0,
2018,Apr,12,95,83.1,70,61,52.5,48,73,36.7,23,14,6.6,1,28.5,28.4,28.4,0,
2018,Apr,13,97,84.7,0,55,36.2,0,47,19.1,0,8,3.6,0,28.6,27.7,0,0,
2018,Apr,14,100,90.5,77,45,36.2,30,30,16,9,8,4.2,0,28.5,28.4,28.4,0,
2018,Apr,15,104,92,77,50,40.3,34,32,17.6,9,18,4.5,0,28.5,28.4,28.4,0,
2018,Apr,16,102,92.9,82,48,42.3,39,28,17.9,11,10,5.4,0,28.5,28.5,28.4,0,
2018,Apr,17,102,92.5,82,46,38.5,30,23,15.9,9,14,5.8,0,28.6,28.5,28.4,0,
2018,Apr,18,100,91,81,45,37.9,27,28,16.6,7,12,4.6,0,28.6,28.5,28.4,0,
2018,Apr,19,102,92.3,79,43,36,28,28,14.7,8,14,4.8,0,28.4,28.4,28.3,0,
2018,Apr,20,100,89.6,81,54,36.4,23,37,16,11,18,9.4,0,28.4,28.4,28.3,0,
2018,Apr,21,95,85.2,79,37,28.7,23,23,13.4,7,17,5.7,2,28.5,28.5,28.4,0,
2018,Apr,22,95,86.2,77,43,30.6,23,28,14.6,7,12,5.8,2,28.6,28.5,28.4,0,
2018,Apr,23,99,87.3,73,41,32.9,25,28,15.6,8,12,5.3,0,28.6,28.5,28.4,0,
2018,Apr,24,102,90.7,75,39,28.1,23,27,11.7,6,12,6,1,28.5,28.4,28.4,0,
2018,Apr,25,104,94.2,81,36,28.9,23,15,10.2,6,12,6.9,2,28.5,28.4,28.3,0,
2018,Apr,26,106,94.4,81,52,35.6,25,26,13.7,6,14,7,2,28.4,28.3,28.3,0,
2018,Apr,27,109,98.2,84,48,41.3,30,24,15.3,7,17,6.4,0,28.4,28.4,28.3,0,
2018,Apr,28,109,100.7,86,59,44.1,27,40,16.8,6,14,7.3,0,28.4,27.3,0,0,
2018,Apr,29,91,88.5,86,61,55.5,50,43,33.5,24,6,4.5,3,28.4,28.4,28.4,0,
2018,Apr,30,109,95,86,63,50.1,36,43,24.1,8,23,10.5,3,28.3,26.4,0,0,
2018,May,1,108,96.3,82,55,50.1,43,37,22.1,12,17,5.2,2,28.4,28.3,28.2,0,
2018,May,2,106,91.3,84,64,52.9,41,46,30.1,11,20,10.9,6,28.4,28.3,28.3,0,
2018,May,3,97,94,91,61,58.9,54,34,30.7,28,18,13.8,6,28.4,28.4,28.3,0,
2018,May,4,104,97.9,82,66,57.5,55,58,27.5,20,14,8.3,5,28.4,28.3,28.3,0,
2018,May,5,106,96,86,64,50.5,37,48,29,10,9,7,5,28.4,28.4,28.3,0,
2018,May,7,104,90.4,79,52,43.2,30,39,23.8,8,23,14.4,7,28.4,28.4,28.3,0,
2018,May,8,84,80,77,57,52.7,50,50,39,30,29,15,5,28.5,28.4,28.4,0,
2018,May,9,102,90.9,81,54,50.1,45,37,25.9,15,16,6.7,0,28.5,28.4,28.3,0,
2018,May,10,106,95.2,81,54,48.4,41,39,21.5,12,9,4.9,0,28.5,28.4,28.4,0,
2018,May,11,109,100.1,86,54,46.8,43,31,17.1,11,12,6.1,0,28.4,28.4,28.3,0,
2018,May,12,109,99.2,88,50,39,34,24,13.1,8,16,7.4,3,28.4,28.4,28.3,0,
2018,May,13,106,95.9,81,55,49.9,39,42,22.2,11,15,8.2,2,28.4,28.3,28.3,0,
2018,May,14,106,94.6,81,55,49.5,43,42,22.8,12,17,6.3,0,28.4,28.4,28.3,0,
2018,May,15,104,92.7,55,63,56.6,52,45,28.7,0,15,6.5,2,28.4,27.6,0,0,
2018,May,16,106,94.8,82,63,52.7,46,51,25.2,14,23,5.5,0,28.4,28.3,28.3,0,
2018,May,17,106,94.7,84,55,50.9,32,35,23.5,9,13,5.9,0,28.4,28.3,28.3,0,
2018,May,18,106,96.6,84,70,52.1,46,46,23.7,14,21,5.3,0,28.4,28.3,28.3,0,
2018,May,19,108,94.5,84,61,54.4,39,40,27.5,10,49,8.8,2,28.3,28.3,28.2,0,
2018,May,20,108,97.6,84,61,44.9,34,45,17.4,10,12,6.4,2,28.4,28.3,28.3,0,
2018,May,21,108,98.7,88,43,39,34,18,12.9,9,12,7,2,28.4,28.3,28.3,0,
2018,May,22,111,100.3,88,50,41.7,37,24,14.2,9,12,5.3,0,28.4,28.3,28.3,0,
2018,May,23,111,101.4,90,55,41.7,30,25,14.3,7,10,5.9,2,28.3,28.3,28.2,0,
2018,May,24,108,99.3,88,57,36,27,30,12.3,7,14,6,0,28.3,28.3,28.2,0,
2018,May,25,109,98.8,86,50,37.8,30,29,12.9,7,8,3.5,0,28.4,28.3,28.3,0,
2018,May,26,111,100.2,77,41,30.5,23,24,9.6,5,9,5,1,28.3,28.3,28.2,0,
2018,May,27,111,99.7,86,45,30,23,17,9.6,5,12,4.7,0,28.3,28.3,28.2,0,
2018,May,28,111,100.4,84,54,33.4,23,35,11.2,5,12,5.8,0,28.3,28.2,28.1,0,
2018,May,29,113,102,88,55,44.9,34,26,15.1,9,15,5.6,0,28.2,28.2,28.1,0,
2018,May,30,106,90.6,79,79,62.8,55,83,41.8,21,23,7,0,28.3,28.2,28.2,0,
2018,May,31,106,97.6,82,66,59.8,55,55,29.7,22,8,4.8,0,28.3,28.3,28.2,0,
2018,June,1,113,96.5,0,68,49.9,0,55,24.8,0,17,6.9,0,28.3,28.3,28.2,0,
2018,June,2,111,98.7,84,66,51,36,55,23.5,8,13,7.2,2,28.4,28.3,28.2,0,
2018,June,3,109,101.1,93,55,45.8,34,26,16.5,7,16,8.5,0,28.3,28.2,28.2,0,
2018,June,4,111,102,91,77,51.5,39,53,20.5,9,12,6.5,2,28.4,28.2,28.1,0,
2018,June,5,109,100.8,93,66,63.1,57,41,29.6,18,12,6,3,28.3,28.3,28.2,0,
2018,June,6,102,92.9,86,70,64.4,57,58,39.9,22,23,7.6,2,28.4,28.3,28.3,0,
2018,June,7,108,97.7,88,68,64.5,59,49,34.5,23,14,4.1,1,28.3,28.2,28.1,0,
2018,June,8,108,91.8,75,75,69.6,63,94,50.7,28,29,10.1,0,28.2,27.5,0,0,
2018,June,9,100,87.5,81,84,72.1,68,84,61.5,37,17,6,2,28.2,28.1,28,0,
2018,June,10,99,88,81,73,71,63,74,58,30,116,9.7,2,28.2,28.1,28.1,0,
2018,June,11,104,92.3,0,72,66.8,0,66,43.1,0,14,7.8,2,28.2,28.1,28,0,
2018,June,12,106,96.4,86,72,67.7,63,62,40.3,24,15,10.9,3,28.1,28.1,28,0,
2018,June,13,104,95.9,88,72,63.1,55,55,35.6,20,17,13.8,8,28.1,28.1,28,0,
2018,June,14,102,94.3,86,68,62.4,59,52,35.6,24,20,13.2,7,28.2,28.1,28.1,0,
2018,June,15,102,94.1,86,64,63.3,61,48,36.6,26,17,12.9,8,28.2,28.2,28.1,0,
2018,June,16,102,93.8,88,68,64.3,61,49,38.5,26,162,13.8,6,28.3,28.2,28.2,0,
2018,June,17,102,94.9,88,66,64.3,61,49,36.9,27,18,9.2,3,28.3,28.2,28.2,0,
2018,June,18,102,91.9,0,68,59.5,0,49,33.2,0,16,8.1,2,28.3,28.2,28.2,0,
2018,June,19,104,91.4,82,70,64.9,61,66,43.1,26,23,6,2,28.3,28.2,28.2,0,
2018,June,20,106,95,82,72,62.1,55,70,35.7,19,17,6.1,0,28.3,28.3,28.2,0,
2018,June,21,108,97.1,88,68,62.1,55,49,32.8,18,12,5.6,0,28.3,28.2,28.2,0,
2018,June,22,109,99.8,90,64,59.5,50,43,27.6,14,12,6.8,0,28.3,28.2,28.1,0,
2018,June,23,108,97.7,90,68,63.7,57,46,33.9,19,15,8.3,3,28.3,28.2,28.1,0,
2018,June,24,106,93.8,81,72,66.9,63,74,43.1,24,15,8.3,2,28.3,27.6,0,0,
2018,June,25,102,90.7,81,72,69.1,64,74,51,29,14,8.8,5,28.2,27.5,0,0,
2018,June,26,95,85.2,79,75,70.8,66,89,63.8,44,12,5.9,2,28.2,28.1,28.1,0,
2018,June,27,90,82,77,79,75.3,73,100,81.7,59,77,8.3,2,28.3,28.2,28.1,0,
2018,June,28,91,81.6,0,77,74.3,0,94,77.9,0,15,8.2,2,28.3,28.2,28.1,0,
2018,June,29,90,82.3,79,79,76.9,75,94,84.2,62,14,6.8,2,28.3,28.2,28.2,0,
2018,June,30,93,88.4,79,77,73.3,41,94,62.7,24,13,7.4,2,28.4,28.3,28.2,0,
2018,July,1,97,89.8,82,75,72.9,70,79,58.2,41,15,9.6,3,28.3,28.2,28.2,0,
2018,July,2,99,90.9,82,75,71.8,70,74,53.9,39,15,9.6,6,28.2,28.2,28.1,0,
2018,July,3,99,91.1,82,77,72.3,68,79,55.6,37,13,9,6,28.2,28.1,28.1,0,
2018,July,4,97,89.9,82,75,72.7,70,79,58,41,12,8.1,6,28.3,28.2,28.1,0,
2018,July,5,99,91,82,75,70.9,66,79,52.5,37,13,7.5,1,28.3,28.2,28.2,0,
2018,July,6,100,92,86,72,69.7,64,62,48.7,31,13,7,2,28.3,28.2,28.1,0,
2018,July,7,104,94.4,86,70,67.6,63,55,42.5,26,13,7.4,2,28.3,28.2,28.1,0,
2018,July,8,108,98.7,88,70,66.5,61,55,36.3,22,15,8.1,1,28.2,28.1,28.1,0,
2018,July,9,106,97.5,88,72,68.4,63,58,39.8,26,14,8.5,3,28.2,28.1,28.1,0,
2018,July,10,106,91.1,79,79,73.2,68,89,59.1,31,16,7.5,0,28.2,27.5,0,0,
2018,July,11,95,85.3,82,77,74.7,70,84,71.3,53,13,7.6,3,28.2,28.2,28.1,0,
2018,July,12,93,83.3,77,79,76.8,73,100,82.2,55,107,10.1,2,28.2,28.1,28.1,0,
2018,July,13,88,81.9,77,79,77.8,75,94,87.5,70,9,4.6,0,28.2,28.2,28.1,0,
2018,July,14,93,83.4,81,79,77.3,75,94,82.8,56,16,3.8,0,28.2,28.1,28.1,0,
2018,July,15,88,83.4,79,81,78.8,63,94,85.7,51,12,3.3,0,28.2,28.1,28.1,0,
2018,July,16,91,84.8,81,81,78.9,77,94,82.2,66,15,5.7,0,28.2,28.1,28.1,0,
2018,July,17,102,86.7,0,81,76,0,94,69.6,0,12,7,2,28.2,28.1,28.1,0,
2018,July,18,97,86.7,81,79,77.4,73,94,74.9,47,12,5.7,1,28.2,28.2,28.1,0,
2018,July,19,86,82.2,79,81,78.6,75,100,88.5,74,12,3.8,0,28.2,28.2,28.2,0,
2018,July,20,88,81.9,0,81,77.2,0,100,84.2,0,9,4.6,2,28.2,27.6,0,0,
2018,July,21,90,83.3,79,81,79.4,77,100,88.1,70,9,4.6,2,28.3,28.2,28.1,0,
2018,July,22,84,80.8,75,79,77.4,75,100,87.4,0,9,5.3,0,28.3,27.5,0,0,
2018,July,23,86,81.9,79,81,77.8,75,100,87.5,74,18,5.9,2,28.2,28.2,28.1,0,
2018,July,24,88,80.8,77,82,78.5,77,100,93.2,75,10,6.6,2,28.3,28.2,28.2,0,
2018,July,25,88,82.2,79,79,77.3,75,94,85.5,74,9,6.2,3,28.3,28.2,28.1,0,
2018,July,26,82,81,79,75,73.4,72,89,78.9,70,10,6.9,5,28.3,28.2,28.2,0,
2018,July,27,86,83.5,81,77,75.1,75,84,76.3,70,9,7,6,28.3,28.2,28.2,0,
2018,July,28,82,80.6,79,75,74.2,73,89,82.1,79,8,5.4,3,28.3,28.2,28.2,0,
2018,July,29,91,85.8,79,77,74.7,72,89,70.7,59,12,8.1,3,28.3,28.2,28.2,0,
2018,July,30,91,86.7,81,81,73.9,72,79,66.9,55,9,7.2,5,28.3,28.2,28.2,0,
2018,July,31,93,87.5,81,73,72.5,72,74,61.5,52,14,9.7,5,28.3,28.2,28.2,0,
2018,Aug,1,91,86.5,79,79,72.2,70,83,62.3,49,14,9,6,28.3,28.2,28.2,0,
2018,Aug,2,91,86,81,73,70.6,70,74,60,49,10,7.6,6,28.3,28.3,28.3,0,
2018,Aug,3,93,84.2,0,72,69.1,0,78,58.7,0,16,8.9,6,28.3,28.3,28.3,0,
2018,Aug,4,90,84.6,81,72,70.6,70,74,62.7,52,14,8.3,3,28.3,28.3,28.2,0,
2018,Aug,5,88,84.5,81,77,71.3,70,74,64.2,55,15,7.2,3,28.3,28.3,28.2,0,
2018,Aug,6,90,83.9,81,73,71.5,70,79,66.2,52,9,5.5,3,28.3,28.2,28.2,0,
2018,Aug,7,90,83.5,79,75,73.4,72,84,72.4,55,13,4.3,2,28.3,28.2,28.2,0,
2018,Aug,8,88,81.8,0,77,73,0,89,73,0,9,4.4,0,28.3,28.2,28.2,0,
2018,Aug,9,93,87.2,81,79,76.3,72,89,71,49,14,7.3,3,28.3,28.3,28.3,0,
2018,Aug,10,93,86.7,82,79,77.3,75,89,73.6,63,14,7.3,2,28.4,28.3,28.2,0,
2018,Aug,11,90,84,79,75,73,72,79,70.1,59,14,8.6,5,28.3,28.2,28.2,0,
2018,Aug,12,88,84.2,79,75,72.6,72,83,68.7,58,14,8,3,28.2,28.1,28.1,0,
2018,Aug,13,91,85.9,79,77,73.3,70,89,67,49,49,6.3,3,28.2,28.2,28.1,0,
2018,Aug,14,95,84.5,77,79,75.5,73,100,75.7,49,12,5.6,2,28.3,28.2,28.2,0,
2018,Aug,15,93,84,75,77,74.6,73,94,75.5,52,17,6,2,28.3,28.3,28.2,0,
2018,Aug,16,93,84.3,81,79,76.7,75,89,78.1,59,14,6.6,2,28.3,28.3,28.2,0,
2018,Aug,17,93,84.2,0,79,76.9,0,89,76.4,0,13,6.9,3,28.3,28.2,28.1,0,
2018,Aug,18,95,85.3,79,81,77.6,75,94,78.8,53,14,5.6,1,28.3,28.2,28.1,0,
2018,Aug,19,91,81.9,73,79,76.9,73,100,85.8,66,17,5.7,0,28.3,28.2,28.2,0,
2018,Aug,20,88,81.9,81,81,79,75,100,90.7,79,9,4.2,0,28.3,28.3,28.2,0,
2018,Aug,21,91,85,75,81,77.4,73,100,78.3,62,8,4,0,28.3,28.2,28.2,0,
2018,Aug,22,88,82.8,77,81,77.6,75,94,84.4,75,10,7.2,3,28.3,28.2,28.2,0,
2018,Aug,23,84,80,77,77,75.3,75,94,86.8,79,12,6.5,3,28.3,28.3,28.3,0,
2018,Aug,24,86,81.4,77,77,74.5,73,94,80.5,70,10,7.1,3,28.3,28.3,28.2,0,
2018,Aug,25,86,80.8,77,75,73,73,89,79,66,12,6.8,3,28.3,28.3,28.2,0,
2018,Aug,26,90,84.2,75,75,73.1,72,94,70.7,59,10,7.2,3,28.3,28.2,28.2,0,
2018,Aug,27,88,83.5,79,77,73.9,72,84,73.5,62,9,5.3,0,28.3,28.3,28.2,0,
2018,Aug,28,90,83.8,81,79,76.8,73,94,79.7,66,12,5.3,2,28.3,28.3,28.2,0,
2018,Aug,29,88,81.2,77,79,77.8,77,100,90,74,12,6,3,28.3,26.7,0,0,
2018,Aug,30,82,81.2,79,77,77,77,94,87.5,84,7,5.1,3,28.3,28.3,28.3,0,
2018,Aug,31,88,84,79,77,75.4,73,94,75.7,66,12,7.9,3,28.3,28.3,28.3,0,
2018,Sep,1,86,81.5,77,75,73.5,72,89,78.2,66,12,7.3,5,28.4,28.3,28.3,0,
2018,Sep,2,81,78,77,77,75,73,100,91.5,79,9,4.8,1,28.4,28.3,28.3,0,
2018,Sep,3,82,78.1,75,77,74.7,73,100,90.5,79,9,5.4,2,28.4,28.3,28.3,0,
2018,Sep,4,88,80.9,77,77,73.6,55,94,80.1,44,10,5.9,2,28.4,28.4,28.3,0,
2018,Sep,5,86,82.2,77,77,72.9,68,83,73.8,65,12,7.2,3,28.4,28.3,28.3,0,
2018,Sep,6,82,77.9,73,77,73.1,68,100,85.6,65,10,5.9,2,28.4,28.3,28.3,0,
2018,Sep,7,90,81,73,77,74,72,100,81.2,58,12,5.8,2,28.4,28.3,28.3,0,
2018,Sep,8,86,78.2,75,77,74.3,73,94,88.9,70,14,8.5,6,28.4,28.3,28.3,0,
2018,Sep,9,81,75.1,0,77,73,0,100,92,0,8,5.2,2,28.4,27.8,0,0,
2018,Sep,10,79,75.3,0,75,72.3,0,100,89.3,0,12,5.4,2,28.5,28.5,28.4,0,
2018,Sep,11,82,75.6,0,75,72.4,0,100,88.8,0,9,5.4,2,28.5,28.4,28.4,0,
2018,Sep,12,90,81.8,73,77,72.7,72,100,75.2,55,12,8.3,3,28.5,27.7,0,0,
2018,Sep,13,88,80,73,72,71.4,70,94,75.2,55,13,6.3,0,28.4,28.4,28.4,0,
2018,Sep,14,91,81.3,73,72,69.9,68,94,69.1,46,9,4.8,0,28.5,28.4,28.4,0,
2018,Sep,15,91,83,75,70,67.4,64,78,60.4,41,9,4.8,0,28.6,28.5,28.4,0,
2018,Sep,16,93,84.7,77,70,65.1,61,69,52.9,36,8,4.6,0,28.5,28.4,28.4,0,
2018,Sep,17,95,84.8,68,68,65.3,63,100,53.7,36,12,4.9,0,28.5,28.4,28.4,0,
2018,Sep,18,95,86.6,79,66,62.8,57,65,46,28,12,5.8,2,28.7,28.4,28.4,0,
2018,Sep,19,97,87,77,64,60.8,54,54,42.1,25,14,6,0,28.5,28.4,28.4,0,
2018,Sep,20,97,86.3,0,68,58,0,69,38.9,0,14,7,0,28.4,28.4,28.4,0,
2018,Sep,21,90,82,77,75,71.5,68,94,71.6,52,23,10.3,6,28.5,28.4,28.4,0,
2018,Sep,22,79,77.2,75,75,73.8,72,100,90.2,83,12,8.9,6,28.4,28.4,28.3,0,
2018,Sep,23,75,75,75,75,74.1,73,100,97.2,94,12,8,5,28.4,27.8,0,0,
2018,Sep,24,82,77.4,72,77,73.6,70,100,88.5,74,13,6.3,0,28.5,28.4,28.4,0,
2018,Sep,25,91,82.6,72,75,71.5,66,94,69.9,43,10,4.7,0,28.5,28.4,28.4,0,
2018,Sep,26,93,84.3,75,72,66.7,63,89,57.1,36,10,4.8,0,28.5,28.4,28.4,0,
2018,Sep,27,95,84.8,75,66,61.7,52,69,47.5,24,12,4.6,0,28.5,28.5,28.2,0,
2018,Sep,28,95,85.3,73,63,56.2,46,69,40,19,10,4.1,0,28.6,28.5,28.5,0,
2018,Sep,29,95,85.5,73,63,58.1,50,65,41,22,8,3.7,0,28.6,28.5,28.5,0,
2018,Sep,30,95,87.7,75,61,57.6,54,61,37.1,25,10,5.3,0,28.6,28.5,28.4,0,
2018,Oct,1,97,86.9,77,63,59.2,54,61,40.5,23,9,3.8,0,28.6,28.5,28.4,0,
2018,Oct,2,97,87,77,64,60.4,54,65,42.5,23,10,3.5,0,28.6,28.5,28.5,0,
2018,Oct,3,97,82.3,0,64,59.3,0,65,45.7,0,12,4,0,28.6,28.5,28.4,0,
2018,Oct,4,95,85,77,64,61.4,54,65,46.3,25,7,3.2,0,28.6,28.5,28.5,0,
2018,Oct,5,99,84.2,0,63,55,0,61,37.6,0,8,4,0,28.6,27.9,0,0,
2018,Oct,6,97,86.2,73,61,53.3,36,61,35.1,12,9,4.8,0,28.6,28.6,28.5,0,
2018,Oct,7,97,84.9,75,59,53.5,43,57,36.3,16,7,3.3,0,28.6,28.5,28.5,0,
2018,Oct,8,97,84.3,72,61,50.8,34,64,34.2,11,8,3.2,0,28.6,28.5,28.4,0,
2018,Oct,9,99,86.3,73,59,50.5,45,57,31.3,17,15,5.5,0,28.5,28.5,28.4,0,
2018,Oct,10,95,86.9,77,57,53.3,50,44,32.2,22,12,5.6,2,28.5,28.5,28.4,0,
2018,Oct,11,93,83.3,73,64,51.8,39,73,38.6,15,62,7.2,2,28.6,28.5,28.4,0,
2018,Oct,12,90,79,72,66,54.2,41,78,45.4,19,8,3.9,0,28.6,28.6,28.5,0,
2018,Oct,13,91,80.2,68,59,49.1,43,57,35.1,22,7,3.5,0,28.6,28.6,28.5,0,
2018,Oct,14,93,80.6,68,57,48.4,43,56,33.8,18,9,3.9,0,28.6,28.6,28.5,0,
2018,Oct,15,95,82.3,70,54,47.4,34,44,31.2,12,8,3.7,0,28.6,27.4,0,0,
2018,Oct,16,95,84.3,73,54,47.6,41,44,29.2,15,8,3.7,0,28.6,28.6,28.5,0,
2018,Oct,17,95,83.9,73,54,46.4,36,47,29.5,12,9,3.7,0,28.6,28.5,28.5,0,
2018,Oct,18,93,82.2,70,55,45.6,36,50,29.4,14,14,4.7,0,28.6,28.5,28.5,0,
2018,Oct,19,93,82.5,70,52,47.4,41,50,30.6,16,8,3.3,0,28.6,28.6,28.5,0,
2018,Oct,20,93,82.9,72,55,48.6,43,46,31.3,17,12,6.3,2,28.7,28.6,28.6,0,
2018,Oct,21,90,80,68,50,45.4,41,49,30.2,19,10,4.3,0,28.7,28.6,28.6,0,
2018,Oct,22,90,78,66,55,41,30,49,28.7,12,9,3.4,0,28.7,28.6,28.6,0,
2018,Oct,23,91,78.5,64,48,42.3,36,46,29.3,15,7,3.1,0,28.7,28.6,28.6,0,
2018,Oct,24,93,79.3,68,50,46.3,39,52,33.2,16,14,3.9,0,28.7,28.6,28.5,0,
2018,Oct,25,93,81.3,70,52,46.4,37,47,31.1,14,7,4.2,0,28.7,28.6,28.6,0,
2018,Oct,26,93,79.5,70,52,49.1,43,49,35.7,18,12,4.6,0,28.7,28.7,28.6,0,
2018,Oct,27,91,79.5,70,52,49.5,46,53,36.7,22,10,4.9,2,28.8,28.7,28.6,0,
2018,Oct,28,88,78.7,70,52,48,45,53,35,24,9,4.3,0,28.8,28.7,28.6,0,
2018,Oct,29,88,76.2,68,55,48.4,43,52,39.1,21,6,2.1,0,28.7,28.6,28.6,0,
2018,Oct,30,90,77.4,66,52,48.4,45,56,37.6,21,6,2.9,0,28.7,28.7,28.6,0,
2018,Oct,31,88,80.4,68,55,50.5,48,56,36.4,25,6,2.9,0,28.7,28.7,28.6,0,
2018,Nov,1,90,77.6,66,54,50.2,45,60,40.6,21,6,1.1,0,28.7,28.6,28.6,0,
2018,Nov,2,91,78.5,68,55,49,43,64,37.8,20,6,1.8,0,28.7,28.6,28.5,0,
2018,Nov,3,90,80.7,68,57,49.8,45,60,35.6,21,8,2.9,0,28.6,28.6,28.5,0,
2018,Nov,4,84,73.7,61,57,37.5,27,64,29.7,13,10,3.3,0,28.7,28.6,28.6,0,
2018,Nov,5,82,71.8,59,50,34.6,23,63,30.6,11,7,2.2,0,28.7,28.6,28.6,0,
2018,Nov,6,82,70,57,50,34.9,25,63,30.6,13,9,1.9,0,28.7,28.6,28.6,0,
2018,Nov,7,84,71.4,57,39,32.5,23,48,26.5,11,5,0.7,0,28.7,28.7,28.6,0,
2018,Nov,8,84,71,61,43,35.5,27,52,29.9,12,6,0.9,0,28.7,28.6,28.6,0,
2018,Nov,9,86,72.2,59,46,40.3,32,59,34.5,14,5,0.8,0,28.7,28.6,28.5,0,
2018,Nov,10,88,72.8,61,45,41.2,34,52,34.1,15,6,1,0,28.7,28.6,28.6,0,
2018,Nov,11,90,77,61,48,42.7,36,55,32,16,6,1.6,0,28.7,28.6,28.6,0,
2018,Nov,12,86,73.2,66,54,47.8,43,56,42,22,0,0,0,28.6,28.5,28.5,0,
2018,Nov,13,90,77.8,64,55,50.1,45,56,39.6,24,7,2.7,0,28.6,28.5,28.4,0,
2018,Nov,14,84,75.3,66,57,54.9,52,64,50.3,35,12,3.3,0,28.6,28.6,28.5,0,
2018,Nov,15,84,73.7,61,57,49,32,82,46.7,15,9,4.5,0,28.7,28.6,28.6,0,
2018,Nov,16,82,69.5,59,57,45.9,36,88,47.2,20,8,2.7,0,28.7,28.6,28.6,0,
2018,Nov,17,84,71.5,59,52,42.9,37,77,38.9,19,7,1.7,0,28.6,28.6,28.5,0,
2018,Nov,18,86,73.9,59,50,46.3,43,63,39.4,22,7,2.8,0,28.6,28.6,28.5,0,
2018,Nov,19,88,76.5,66,54,48.7,45,64,39.2,24,6,2.1,0,28.7,28.6,28.6,0,
2018,Nov,20,88,76.1,63,54,44.5,39,64,34.5,18,6,1.4,0,28.7,28.7,28.6,0,
2018,Nov,21,84,72.6,63,52,45.9,39,64,40.2,20,3,0.8,0,28.8,28.7,28.6,0,
2018,Nov,22,82,71.1,0,48,44.8,0,55,38.4,0,9,3.9,0,28.8,28,0,0,
2018,Nov,23,84,73.4,61,52,42.9,36,59,35.1,20,8,2.4,0,28.8,28.7,28.7,0,
2018,Nov,24,82,69.8,59,50,43.6,37,63,42.2,20,9,3.2,0,28.8,28.7,28.7,0,
2018,Nov,25,84,73.9,59,48,42.6,36,67,35.6,18,7,2.9,0,28.8,28.7,28.6,0,
2018,Nov,26,84,76.5,59,46,40.6,34,63,29.5,16,6,2.6,0,28.7,28.6,28.6,0,
2018,Nov,27,81,70.6,61,52,48.2,36,68,46.6,30,8,4.4,0,28.8,28.7,28.6,0,
2018,Nov,28,77,66.9,57,54,51,46,82,58.2,34,9,4,0,28.8,28.7,28.7,0,
2018,Nov,29,81,68.3,57,54,50.3,46,82,55.1,32,6,1.2,0,28.8,28.8,28.7,0,
2018,Nov,30,81,71.3,59,57,46.6,39,77,44.9,23,9,2.2,0,28.8,28.7,28.7,0,
2018,Dec,1,81,67.6,55,48,43.5,37,72,44.9,23,6,1.1,0,28.7,28.6,28.6,0,
2018,Dec,2,79,66.6,55,46,43.4,39,67,44.9,24,5,1.3,0,28.7,28.6,28.6,0,
2018,Dec,3,79,66.4,55,50,43.5,37,67,46.2,23,6,1.4,0,28.7,28.7,28.6,0,
2018,Dec,4,77,65.7,54,46,41.5,36,67,43.3,24,7,2.7,0,28.8,28,0,0,
2018,Dec,5,77,67.4,54,46,40.9,36,72,40.6,22,6,2.4,0,28.7,28.6,28.6,0,
2018,Dec,6,61,58.2,55,43,42,41,63,55,48,5,1.3,0,28.6,28.6,28.6,0,
2018,Dec,7,77,65.2,54,45,41.4,37,67,44.4,24,5,2.4,0,28.7,28.6,28.6,0,
2018,Dec,8,77,65,54,48,42.7,37,67,46.6,24,6,2.7,0,28.7,28.7,28.6,0,
2018,Dec,9,79,65.3,55,46,42.5,37,63,45.9,24,6,2.6,0,28.7,28.6,28.6,0,
2018,Dec,10,75,64,55,46,42.5,37,72,48.4,25,7,4.3,0,28.7,28.6,28.6,0,
2018,Dec,11,75,65.2,55,55,47.5,43,94,55.8,31,8,5.5,0,28.7,28.6,28.6,0,
2018,Dec,12,70,62.1,55,55,52.6,50,88,71.7,49,10,5.4,0,28.7,28.7,28.6,0,
2018,Dec,13,70,59.7,52,55,49.8,43,88,71.1,38,7,2.4,0,28.8,28.8,28.7,0,
2018,Dec,14,70,60,50,48,41.2,34,88,53,27,7,3.1,0,28.9,28.8,28.8,0,
2018,Dec,15,70,59.6,50,48,39.8,34,82,51.4,27,7,3.3,0,28.9,28.8,28.8,0,
2018,Dec,16,72,62,50,45,36.2,27,76,41.8,19,12,4.7,0,28.9,28.8,28.8,0,
2018,Dec,17,70,59.9,50,43,37.8,34,67,45.8,28,7,3,0,28.8,28.8,28.7,0,
2018,Dec,18,73,60.7,48,41,33.3,25,71,39.4,16,7,1.5,0,28.8,28.7,28.5,0,
2018,Dec,19,75,60.6,48,43,34.6,23,71,43.1,14,3,0.7,0,28.8,28.7,28.7,0,
2018,Dec,20,75,61.6,48,45,38.6,28,76,47.5,18,5,1,0,28.8,28.7,28.7,0,
2018,Dec,21,77,60.5,48,45,39.2,30,82,50.6,18,6,1.3,0,28.8,28.7,28.6,0,
2018,Dec,22,73,59.2,48,46,41.3,34,82,56.3,23,6,3,0,28.7,28.7,28.6,0,
2018,Dec,23,73,60.1,0,46,41.6,0,82,52.2,0,9,5,2,28.8,28.1,0,0,
2018,Dec,24,73,63.1,52,48,44.5,41,77,53,31,8,3.5,0,28.8,28.7,28.6,0,
2018,Dec,25,73,61.1,50,48,34.5,23,82,42.4,15,6,2.3,0,28.8,28.7,28.6,0,
2018,Dec,26,70,57.9,48,41,33.9,23,71,44.7,19,6,1.6,0,28.7,28.6,28.6,0,
2018,Dec,27,72,59.3,46,39,29.7,23,76,36.6,16,12,5.2,0,28.7,28.7,28.6,0,
2018,Dec,28,72,58,46,36,29.3,23,62,37,16,7,2.8,0,28.7,28.7,28.6,0,
2018,Dec,29,72,57.8,45,41,31.6,23,71,41.6,16,6,0.9,0,28.8,28.8,28.7,0,
2018,Dec,30,73,59.9,45,41,34.2,27,71,41.6,18,3,1.1,0,28.9,28.8,28.8,0,
2018,Dec,31,75,63.6,48,41,35.5,28,71,39.3,18,7,2.1,0,28.9,28.8,28.8,0,
2020,Jan,1,64,54.6,46,46,44,39,82,68.2,45,14,8.7,5,28.8,28.8,28.7,0,
2020,Jan,2,68,59.7,52,48,45.8,45,82,61.3,43,12,5.6,0,28.8,28.8,28.7,0,
2020,Jan,3,72,63,50,52,48.8,46,88,62.2,41,7,3.4,0,28.8,28.7,28.6,0,
2020,Jan,4,68,59.5,50,54,52.4,48,100,78.5,49,7,2.2,0,28.8,28.1,0,0,
2020,Jan,5,70,59.4,50,54,51.7,46,100,77.6,43,7,2.6,0,28.8,28.7,28.7,0,
2020,Jan,6,72,61.3,50,54,49.9,43,100,68,35,10,5.1,0,28.8,28.7,28.6,0,
2020,Jan,7,72,63.3,55,54,51.3,48,82,66.1,43,10,6.1,0,28.7,28.6,28.5,0,
2020,Jan,8,63,56.3,46,54,49.7,43,88,78.6,63,12,5.2,0,28.7,28.6,28.5,0,
2020,Jan,9,64,54.6,45,43,35.2,25,87,53,22,9,3.7,0,28.8,28.8,28.7,0,
2020,Jan,10,63,50.7,43,41,37.7,36,87,62.5,37,6,1.2,0,28.8,28.8,28.7,0,
2020,Jan,11,68,57.1,46,41,38.4,34,76,52,30,6,1.8,0,28.8,28.7,28.7,0,
2020,Jan,12,72,61,46,46,41.9,37,76,52.5,29,8,2.9,0,28.8,28.6,28.5,0,
2020,Jan,13,75,61.1,54,59,47.9,36,88,63.5,42,14,6.2,0,28.6,28.5,28.5,0,
2020,Jan,14,68,59.1,52,52,47,41,94,67.3,40,8,3.7,0,28.7,28.6,28.6,0,
2020,Jan,15,68,60.4,52,50,47.5,45,88,63.8,49,10,6.5,0,28.7,28.6,28.6,0,
2020,Jan,16,64,58,50,50,46.4,43,82,66.2,55,10,4.2,0,28.6,28.6,28.6,0,
2020,Jan,17,66,58.4,50,52,50.3,45,100,75.9,52,7,2.4,0,28.7,28.7,28.6,0,
2020,Jan,18,68,58.7,52,57,50,45,100,75.8,43,7,4.1,0,28.8,28.7,28.6,0,
2020,Jan,19,66,56.5,46,52,41.1,30,94,60.4,26,6,2.7,0,28.8,28.7,28.7,0,
2020,Jan,20,66,56.4,46,48,41.5,34,94,61,32,6,3.2,0,28.8,28.7,28.6,0,
2020,Jan,21,70,59.5,52,54,49.6,46,100,72.8,43,35,7.2,2,28.8,28.7,28.6,0,
2020,Jan,22,72,61.3,52,52,44.7,34,100,57.5,30,9,3.8,0,28.8,28.8,28.7,0,
2020,Jan,23,70,59.7,50,46,35.5,30,77,43.3,23,10,3.6,0,28.8,28.8,28.7,0,
2020,Jan,24,72,60,48,36,31.5,23,58,36.8,16,9,3.9,0,30.4,28.7,28.6,0,
2020,Jan,25,75,63.1,48,41,33.2,27,62,35.8,18,6,2.2,0,28.8,28.7,28.6,0,
2020,Jan,26,77,64.7,52,46,41.5,36,72,45.8,22,7,3.6,0,28.7,28.6,28.5,0,
2020,Jan,27,77,66,54,54,49.8,45,82,58.4,36,9,6.3,2,28.6,28.5,28.4,0,
2020,Jan,28,73,64,55,54,46.6,39,82,54.9,29,12,5.9,0,28.6,28.5,28.4,0,
2020,Jan,29,70,61.9,52,45,37,28,76,43,23,8,4.1,0,28.7,28.7,28.6,0,
2020,Jan,30,70,59.7,50,43,36.6,30,76,45.8,24,12,3,0,28.8,28.7,28.6,0,
2020,Jan,31,70,61.3,48,45,40.4,34,76,48.4,27,8,3.3,0,28.7,28.6,28.6,0,
2020,Feb,1,72,60.1,48,46,38.6,28,82,49.1,20,10,4.8,0,28.8,28.7,28.6,0,
2020,Feb,2,70,60.5,50,46,41.1,37,82,51.4,31,7,3.7,0,28.8,28.8,28.7,0,
2020,Feb,3,70,59.7,48,43,39.7,37,71,50.1,31,8,4.8,0,28.8,28.7,28.6,0,
2020,Feb,4,72,61.2,50,46,43.4,41,71,53.3,35,10,6,2,28.7,28.7,28.6,0,
2020,Feb,5,72,63.7,52,45,42.4,37,76,47.9,29,8,3.8,0,28.8,28.7,28.6,0,
2020,Feb,6,70,61,52,48,42.9,37,82,53.9,33,8,4,0,28.7,28.7,28.6,0,
2020,Feb,7,72,62.4,52,46,39.9,30,77,46.9,23,9,5.7,2,28.8,28.7,28.7,0,
2020,Feb,8,73,61.3,50,43,34.5,23,71,41.2,15,7,3.1,0,28.8,28.8,28.8,0,
2020,Feb,9,72,60.9,48,43,37.7,34,76,44.9,25,9,2.4,0,28.9,28.8,28.7,0,
2020,Feb,10,73,61.6,50,43,38.7,34,67,45.2,25,6,2.9,0,28.8,28.7,28.7,0,
2020,Feb,11,77,63.4,50,43,40.4,34,71,45,21,7,3.6,0,28.8,28.8,28.7,0,
2020,Feb,12,81,67.3,54,45,40.7,36,63,40.6,20,8,2.7,0,28.8,28.7,28.7,0,
2020,Feb,13,84,71,55,43,40.1,34,63,34.4,20,12,4.8,0,28.8,28.7,28.6,0,
2020,Feb,14,81,70.1,61,45,35.9,30,49,30,17,13,6.5,0,28.7,28.6,28.6,0,
2020,Feb,15,82,69.9,57,41,29.2,23,44,24,11,9,5.4,0,28.7,28.6,28.6,0,
2020,Feb,16,88,71.9,55,41,29.5,23,51,24.7,9,6,2.7,0,28.8,28.7,28.6,0,
2020,Feb,17,86,71.9,57,41,29.8,23,55,24.6,10,9,3.6,0,28.8,28.7,28.6,0,
2020,Feb,18,86,71.5,57,37,29.7,23,48,24.7,10,12,3.8,0,28.7,28.6,28.6,0,
2020,Feb,19,84,72,57,50,43.4,34,59,37.4,16,9,6.8,3,28.6,28.6,28.5,0,
2020,Feb,20,86,73.2,63,57,50.5,41,82,47.8,20,13,7.8,3,28.6,28.5,28.4,0,
2020,Feb,21,77,66.9,59,57,52.1,37,88,63.7,25,8,5.3,2,28.8,28.7,28.6,0,
2020,Feb,22,75,66.6,57,57,55.1,52,88,67.8,44,10,5.3,0,28.8,28.7,28.5,0,
2020,Feb,23,77,69.6,61,57,55.5,54,88,62.1,44,9,5.2,0,28.8,28.7,28.6,0,
2020,Feb,24,81,71.9,61,57,50.6,41,88,51.1,26,8,4.4,0,28.7,28.6,28.6,0,
2020,Feb,25,82,73.2,61,55,48.2,43,82,44.4,25,9,4.6,0,28.7,28.6,28.5,0,
2020,Feb,26,84,74.6,61,52,45.4,36,68,38.8,18,12,5.6,0,28.6,28.6,28.5,0,
2020,Feb,27,86,77.2,64,55,49.2,41,68,39.6,20,8,5.3,2,28.7,28.6,28.5,0,
2020,Feb,28,81,73,66,59,56.8,55,78,58.3,42,12,7.8,5,28.6,28.5,28.5,0,
2020,Feb,29,86,77.2,64,61,56.6,50,88,52.1,29,14,6.8,2,28.6,28.5,28.4,0,